Id,Name,ParentId,Ultimate_Parent_Id,Ultimate_Parent_Name,Hierarchy_Level,Hierarchy_Path
0018a00001tESdnAAG,7 For All Mankind & Splendid,,0018a00001tESdnAAG,7 For All Mankind & Splendid,0,7 For All Mankind & Splendid
0018a00001tE84aAAC,AccorHotels - Holding Account,,0018a00001tE84aAAC,AccorHotels - Holding Account,0,AccorHotels - Holding Account
001Mm00000TjxT6IAJ,Accor,0018a00001tE84aAAC,0018a00001tE84aAAC,AccorHotels - Holding Account,1,AccorHotels - Holding Account > Accor
0010h00001YagdOAAR,AccorHotels,0018a00001tE84aAAC,0018a00001tE84aAAC,AccorHotels - Holding Account,1,AccorHotels - Holding Account > AccorHotels
001E0000017srEOIAY,Banyan Tree Hotels & Resorts,0018a00001tE84aAAC,0018a00001tE84aAAC,AccorHotels - Holding Account,1,AccorHotels - Holding Account > Banyan Tree Hotels & Resorts
001E000000ShhG0IAJ,Fairmont Hotels & Resorts Inc,0018a00001tE84aAAC,0018a00001tE84aAAC,AccorHotels - Holding Account,1,AccorHotels - Holding Account > Fairmont Hotels & Resorts Inc
001Mm00000Egsf4IAB,Grand Mercure,0018a00001tE84aAAC,0018a00001tE84aAAC,AccorHotels - Holding Account,1,AccorHotels - Holding Account > Grand Mercure
001Mm00000EgvUtIAJ,Ibis Hotels,0018a00001tE84aAAC,0018a00001tE84aAAC,AccorHotels - Holding Account,1,AccorHotels - Holding Account > Ibis Hotels
001Mm00000EgmD6IAJ,MGallery,0018a00001tE84aAAC,0018a00001tE84aAAC,AccorHotels - Holding Account,1,AccorHotels - Holding Account > MGallery
001Mm00000EgnlrIAB,Mama Shelter,0018a00001tE84aAAC,0018a00001tE84aAAC,AccorHotels - Holding Account,1,AccorHotels - Holding Account > Mama Shelter
001Mm00000Egyu9IAB,Mantra Hotels,0018a00001tE84aAAC,0018a00001tE84aAAC,AccorHotels - Holding Account,1,AccorHotels - Holding Account > Mantra Hotels
001E000000ShhHMIAZ,Morgans Hotel Group Co. (Permanently Closed),0018a00001tE84aAAC,0018a00001tE84aAAC,AccorHotels - Holding Account,1,AccorHotels - Holding Account > Morgans Hotel Group Co. (Permanently Closed)
001Mm00000DV1nhIAD,M�venpick Hotels and Resorts Management AG,0018a00001tE84aAAC,0018a00001tE84aAAC,AccorHotels - Holding Account,1,AccorHotels - Holding Account > M�venpick Hotels and Resorts Management AG
001Mm00000Egn5uIAB,Pullman Hotels & Resorts,0018a00001tE84aAAC,0018a00001tE84aAAC,AccorHotels - Holding Account,1,AccorHotels - Holding Account > Pullman Hotels & Resorts
0018a000020s1FVAAY,Raffles Hotel,0018a00001tE84aAAC,0018a00001tE84aAAC,AccorHotels - Holding Account,1,AccorHotels - Holding Account > Raffles Hotel
0018a00002JaZATAA3,Rixos Hotels,0018a00001tE84aAAC,0018a00001tE84aAAC,AccorHotels - Holding Account,1,AccorHotels - Holding Account > Rixos Hotels
0018a00002Gk0iCAAR,"SBE Entertainment Group, LLC",0018a00001tE84aAAC,0018a00001tE84aAAC,AccorHotels - Holding Account,1,"AccorHotels - Holding Account > SBE Entertainment Group, LLC"
0018a00001tEURlAAO,Sofitel,0018a00001tE84aAAC,0018a00001tE84aAAC,AccorHotels - Holding Account,1,AccorHotels - Holding Account > Sofitel
001E000000ShhIsIAJ,Swissotel Hotels and Resorts,0018a00001tE84aAAC,0018a00001tE84aAAC,AccorHotels - Holding Account,1,AccorHotels - Holding Account > Swissotel Hotels and Resorts
0018a00001tEUxBAAW,21C Museum Hotel,001Mm00000TjxT6IAJ,0018a00001tE84aAAC,AccorHotels - Holding Account,2,AccorHotels - Holding Account > Accor > 21C Museum Hotel
001Mm00000EgkRNIAZ,25hours Hotels,0010h00001YagdOAAR,0018a00001tE84aAAC,AccorHotels - Holding Account,2,AccorHotels - Holding Account > AccorHotels > 25hours Hotels
001E000000Dai50IAB,Accor North America,001Mm00000TjxT6IAJ,0018a00001tE84aAAC,AccorHotels - Holding Account,2,AccorHotels - Holding Account > Accor > Accor North America
001Mm00000DUwt7IAD,Accor UK Business and Leisure Hotels Limited,001Mm00000TjxT6IAJ,0018a00001tE84aAAC,AccorHotels - Holding Account,2,AccorHotels - Holding Account > Accor > Accor UK Business and Leisure Hotels Limited
0010h00001ax7ouAAA,AccorHotels North & Central America,001Mm00000TjxT6IAJ,0018a00001tE84aAAC,AccorHotels - Holding Account,2,AccorHotels - Holding Account > Accor > AccorHotels North & Central America
0010h00001YbCFsAAN,Angsana,001E0000017srEOIAY,0018a00001tE84aAAC,AccorHotels - Holding Account,2,AccorHotels - Holding Account > Banyan Tree Hotels & Resorts > Angsana
001E0000017srTKIAY,Banyan Tree Mexico,001E0000017srEOIAY,0018a00001tE84aAAC,AccorHotels - Holding Account,2,AccorHotels - Holding Account > Banyan Tree Hotels & Resorts > Banyan Tree Mexico
0018a00002GkC4xAAF,Ennismore,001Mm00000TjxT6IAJ,0018a00001tE84aAAC,AccorHotels - Holding Account,2,AccorHotels - Holding Account > Accor > Ennismore
001E00000176dp8IAA,FRHI Hotels & Resorts,001E000000ShhG0IAJ,0018a00001tE84aAAC,AccorHotels - Holding Account,2,AccorHotels - Holding Account > Fairmont Hotels & Resorts Inc > FRHI Hotels & Resorts
0018a00001tEVprAAG,Novotel Hotels,001Mm00000TjxT6IAJ,0018a00001tE84aAAC,AccorHotels - Holding Account,2,AccorHotels - Holding Account > Accor > Novotel Hotels
0018a00001tEVmuAAG,Sbe Holdings,001Mm00000TjxT6IAJ,0018a00001tE84aAAC,AccorHotels - Holding Account,2,AccorHotels - Holding Account > Accor > Sbe Holdings
001Mm00000BXcMlIAL,Sofitel Hotels  Resorts,0010h00001YagdOAAR,0018a00001tE84aAAC,AccorHotels - Holding Account,2,AccorHotels - Holding Account > AccorHotels > Sofitel Hotels  Resorts
0018a00002Gk0kzAAB,Fairmont Banff Springs,001E00000176dp8IAA,0018a00001tE84aAAC,AccorHotels - Holding Account,3,AccorHotels - Holding Account > Fairmont Hotels & Resorts Inc > FRHI Hotels & Resorts > Fairmont Banff Springs
001E000000ShhHNIAZ,Motel 6 Operating Partership L.P.,001E000000Dai50IAB,0018a00001tE84aAAC,AccorHotels - Holding Account,3,AccorHotels - Holding Account > Accor > Accor North America > Motel 6 Operating Partership L.P.
001Mm00000ToTsYIAV,Novotel Montreal Centre,0018a00001tEVprAAG,0018a00001tE84aAAC,AccorHotels - Holding Account,3,AccorHotels - Holding Account > Accor > Novotel Hotels > Novotel Montreal Centre
0010L00001kXEt8QAG,"Ace Parking Management, Inc",,0010L00001kXEt8QAG,"Ace Parking Management, Inc",0,"Ace Parking Management, Inc"
001E000001JHtn4IAD,Air Canada,,001E000001JHtn4IAD,Air Canada,0,Air Canada
0018a00001tEV1qAAG,Aeroplan,001E000001JHtn4IAD,001E000001JHtn4IAD,Air Canada,1,Air Canada > Aeroplan
001Mm00000ctIGIIA2,Albertsons Companies,,001Mm00000ctIGIIA2,Albertsons Companies,0,Albertsons Companies
0010L00001jTRfjQAG,Alimentation Couche-Tard,,0010L00001jTRfjQAG,Alimentation Couche-Tard,0,Alimentation Couche-Tard
001E000001ds8t5IAA,"CST Brands, Inc.",0010L00001jTRfjQAG,0010L00001jTRfjQAG,Alimentation Couche-Tard,1,"Alimentation Couche-Tard > CST Brands, Inc."
0010h00001avsFSAAY,Circle K,0010L00001jTRfjQAG,0010L00001jTRfjQAG,Alimentation Couche-Tard,1,Alimentation Couche-Tard > Circle K
0010h00001cyGnlAAE,Circle K Costa Rica,0010L00001jTRfjQAG,0010L00001jTRfjQAG,Alimentation Couche-Tard,1,Alimentation Couche-Tard > Circle K Costa Rica
0010h00001aAJ5zAAG,Circle K Europe,0010L00001jTRfjQAG,0010L00001jTRfjQAG,Alimentation Couche-Tard,1,Alimentation Couche-Tard > Circle K Europe
0018a000026gJOWAA2,Circle K Ireland Holding Limited,0010L00001jTRfjQAG,0010L00001jTRfjQAG,Alimentation Couche-Tard,1,Alimentation Couche-Tard > Circle K Ireland Holding Limited
001Mm00000MKOq9IAH,Circle K Stores Inc.,0010L00001jTRfjQAG,0010L00001jTRfjQAG,Alimentation Couche-Tard,1,Alimentation Couche-Tard > Circle K Stores Inc.
001Mm00000DLo5TIAT,Circle K Sverige AB,0010L00001jTRfjQAG,0010L00001jTRfjQAG,Alimentation Couche-Tard,1,Alimentation Couche-Tard > Circle K Sverige AB
0010L00001kUtKxQAK,Couche-Tard U.S. Inc.,0010L00001jTRfjQAG,0010L00001jTRfjQAG,Alimentation Couche-Tard,1,Alimentation Couche-Tard > Couche-Tard U.S. Inc.
0010h00001ijfCbAAI,"Holiday Stationstores, Inc.",0010L00001jTRfjQAG,0010L00001jTRfjQAG,Alimentation Couche-Tard,1,"Alimentation Couche-Tard > Holiday Stationstores, Inc."
001E000000F1oIAIAZ,Lyndale Terminal Co.,0010L00001jTRfjQAG,0010L00001jTRfjQAG,Alimentation Couche-Tard,1,Alimentation Couche-Tard > Lyndale Terminal Co.
0018a00001tEV0cAAG,MACS Circle K,0010L00001jTRfjQAG,0010L00001jTRfjQAG,Alimentation Couche-Tard,1,Alimentation Couche-Tard > MACS Circle K
001E000001ds8syIAA,"MAPCO Express, Inc.",0010L00001jTRfjQAG,0010L00001jTRfjQAG,Alimentation Couche-Tard,1,"Alimentation Couche-Tard > MAPCO Express, Inc."
001E000000GPNIyIAP,Mac's Convenience Stores,0010L00001jTRfjQAG,0010L00001jTRfjQAG,Alimentation Couche-Tard,1,Alimentation Couche-Tard > Mac's Convenience Stores
001E000001ds8m8IAA,"Flash Foods, LLC",001E000001ds8t5IAA,0010L00001jTRfjQAG,Alimentation Couche-Tard,2,"Alimentation Couche-Tard > CST Brands, Inc. > Flash Foods, LLC"
0010L00001rD7LsQAK,Holiday Companies,0010L00001kUtKxQAK,0010L00001jTRfjQAG,Alimentation Couche-Tard,2,Alimentation Couche-Tard > Couche-Tard U.S. Inc. > Holiday Companies
001E000001ds9Q6IAI,The Pantry Inc.,0010L00001kUtKxQAK,0010L00001jTRfjQAG,Alimentation Couche-Tard,2,Alimentation Couche-Tard > Couche-Tard U.S. Inc. > The Pantry Inc.
0010L00001jTX5MQAW,Williamson Oil Co Inc,001E000001ds8syIAA,0010L00001jTRfjQAG,Alimentation Couche-Tard,2,"Alimentation Couche-Tard > MAPCO Express, Inc. > Williamson Oil Co Inc"
0010L00001jTRgdQAG,Allied Universal Security Services,,0010L00001jTRgdQAG,Allied Universal Security Services,0,Allied Universal Security Services
001Mm00000MKXhlIAH,"SecurAmerica, LLC",0010L00001jTRgdQAG,0010L00001jTRgdQAG,Allied Universal Security Services,1,"Allied Universal Security Services > SecurAmerica, LLC"
0010h00001YrxVbAAJ,ERMC Total Facility Services,001Mm00000MKXhlIAH,0010L00001jTRgdQAG,Allied Universal Security Services,2,"Allied Universal Security Services > SecurAmerica, LLC > ERMC Total Facility Services"
001E000000i0otiIAA,Amazon,,001E000000i0otiIAA,Amazon,0,Amazon
0010L00001nEvxeQAC,Amazon - Logistics Germany,001E000000i0otiIAA,001E000000i0otiIAA,Amazon,1,Amazon > Amazon - Logistics Germany
0010L00001rq437QAA,Amazon CS,001E000000i0otiIAA,001E000000i0otiIAA,Amazon,1,Amazon > Amazon CS
001Mm00000DUygoIAD,Amazon Canada,001E000000i0otiIAA,001E000000i0otiIAA,Amazon,1,Amazon > Amazon Canada
0010L00001kXSsxQAG,Amazon Deutschland Services GmbH,001E000000i0otiIAA,001E000000i0otiIAA,Amazon,1,Amazon > Amazon Deutschland Services GmbH
0018a00002FJ79dAAD,Amazon Fresh,001E000000i0otiIAA,001E000000i0otiIAA,Amazon,1,Amazon > Amazon Fresh
0010L00001kUtZnQAK,"Amazon Fulfillment Services, Inc.",001E000000i0otiIAA,001E000000i0otiIAA,Amazon,1,"Amazon > Amazon Fulfillment Services, Inc."
0018a00001lkyZfAAI,Amazon Fuse,001E000000i0otiIAA,001E000000i0otiIAA,Amazon,1,Amazon > Amazon Fuse
0010L00001oBO18QAG,Amazon Go,001E000000i0otiIAA,001E000000i0otiIAA,Amazon,1,Amazon > Amazon Go
001Mm00000DM3JqIAL,Amazon Italia Logistica Srl,001E000000i0otiIAA,001E000000i0otiIAA,Amazon,1,Amazon > Amazon Italia Logistica Srl
0010L00001nDR8AQAW,Amazon Lab126,001E000000i0otiIAA,001E000000i0otiIAA,Amazon,1,Amazon > Amazon Lab126
0010h00001j66IOAAY,Amazon Logistics,001E000000i0otiIAA,001E000000i0otiIAA,Amazon,1,Amazon > Amazon Logistics
0010h00001ax2uZAAQ,Amazon Robotics LLC,001E000000i0otiIAA,001E000000i0otiIAA,Amazon,1,Amazon > Amazon Robotics LLC
0010h00001j6sWMAAY,Amazon UK Services Limited,001E000000i0otiIAA,001E000000i0otiIAA,Amazon,1,Amazon > Amazon UK Services Limited
0010h00001XX43HAAT,Amazon Web Services,001E000000i0otiIAA,001E000000i0otiIAA,Amazon,1,Amazon > Amazon Web Services
0010L00001jTVyNQAW,Amazon.com.kydc LLC,001E000000i0otiIAA,001E000000i0otiIAA,Amazon,1,Amazon > Amazon.com.kydc LLC
001E000001M4JyfIAF,Audible,001E000000i0otiIAA,001E000000i0otiIAA,Amazon,1,Amazon > Audible
001E000000DzPFeIAN,Whole Foods,001E000000i0otiIAA,001E000000i0otiIAA,Amazon,1,Amazon > Whole Foods
0010h00001iy15SAAQ,Wild Oats Markets,001E000000i0otiIAA,001E000000i0otiIAA,Amazon,1,Amazon > Wild Oats Markets
001E000000F1oGAIAZ,"Zappos.com, Inc.",001E000000i0otiIAA,001E000000i0otiIAA,Amazon,1,"Amazon > Zappos.com, Inc."
001Mm00000cv7lKIAQ,Amazon Web Services (AWS),,001Mm00000cv7lKIAQ,Amazon Web Services (AWS),0,Amazon Web Services (AWS)
001E000000cpOjrIAE,"American Honda Motor Company, Inc.",,001E000000cpOjrIAE,"American Honda Motor Company, Inc.",0,"American Honda Motor Company, Inc."
001E000000eRuczIAC,American Honda Finance Corporation,001E000000cpOjrIAE,001E000000cpOjrIAE,"American Honda Motor Company, Inc.",1,"American Honda Motor Company, Inc. > American Honda Finance Corporation"
0010L00001jTcR8QAK,"Honda Manufacturing Of Alabama, LLC",001E000000cpOjrIAE,001E000000cpOjrIAE,"American Honda Motor Company, Inc.",1,"American Honda Motor Company, Inc. > Honda Manufacturing Of Alabama, LLC"
0010L00001jTUstQAG,Honda Manufacturing of Indiana,001E000000cpOjrIAE,001E000000cpOjrIAE,"American Honda Motor Company, Inc.",1,"American Honda Motor Company, Inc. > Honda Manufacturing of Indiana"
0010L00001jTWcIQAW,"Honda Precision Parts of Georgia, LLC",001E000000cpOjrIAE,001E000000cpOjrIAE,"American Honda Motor Company, Inc.",1,"American Honda Motor Company, Inc. > Honda Precision Parts of Georgia, LLC"
0010L00001jTUr3QAG,"Honda Transmission Manufacturing of America, Inc.",001E000000cpOjrIAE,001E000000cpOjrIAE,"American Honda Motor Company, Inc.",1,"American Honda Motor Company, Inc. > Honda Transmission Manufacturing of America, Inc."
001E000000i0nBuIAI,"Honda of America Mfg., Inc.",001E000000cpOjrIAE,001E000000cpOjrIAE,"American Honda Motor Company, Inc.",1,"American Honda Motor Company, Inc. > Honda of America Mfg., Inc."
0010L00001jTYySQAW,Honda of Canada Manufacturing,001E000000cpOjrIAE,001E000000cpOjrIAE,"American Honda Motor Company, Inc.",1,"American Honda Motor Company, Inc. > Honda of Canada Manufacturing"
0010L00001jTUrBQAW,"Honda of South Carolina Mfg., Inc.",001E000000cpOjrIAE,001E000000cpOjrIAE,"American Honda Motor Company, Inc.",1,"American Honda Motor Company, Inc. > Honda of South Carolina Mfg., Inc."
0010h00001azDySAAU,Auberge Resorts,,0010h00001azDySAAU,Auberge Resorts,0,Auberge Resorts
0010h00001czcOLAAY,Berkshire Hathaway,,0010h00001czcOLAAY,Berkshire Hathaway,0,Berkshire Hathaway
0010h00001Yb1N5AAJ,Alleghany,0010h00001czcOLAAY,0010h00001czcOLAAY,Berkshire Hathaway,1,Berkshire Hathaway > Alleghany
0010L00001jTVyIQAW,"Ben Bridge - Jeweler, Inc.",0010h00001czcOLAAY,0010h00001czcOLAAY,Berkshire Hathaway,1,"Berkshire Hathaway > Ben Bridge - Jeweler, Inc."
0018a00001tEVYoAAO,Berkshire Hathaway Automotive,0010h00001czcOLAAY,0010h00001czcOLAAY,Berkshire Hathaway,1,Berkshire Hathaway > Berkshire Hathaway Automotive
001Mm00000O8uVTIAZ,Berkshire Hathaway Homestate Companies,0010h00001czcOLAAY,0010h00001czcOLAAY,Berkshire Hathaway,1,Berkshire Hathaway > Berkshire Hathaway Homestate Companies
0010L00001jTbjuQAC,Dairy Queen,0010h00001czcOLAAY,0010h00001czcOLAAY,Berkshire Hathaway,1,Berkshire Hathaway > Dairy Queen
001E000000TJV31IAH,"Forest River, Inc.",0010h00001czcOLAAY,0010h00001czcOLAAY,Berkshire Hathaway,1,"Berkshire Hathaway > Forest River, Inc."
0010L00001jTSOiQAO,"Garan, Incorporated",0010h00001czcOLAAY,0010h00001czcOLAAY,Berkshire Hathaway,1,"Berkshire Hathaway > Garan, Incorporated"
0010L00001qw2WXQAY,Gen Re,0010h00001czcOLAAY,0010h00001czcOLAAY,Berkshire Hathaway,1,Berkshire Hathaway > Gen Re
001E000000F1oEzIAJ,"Jordan's Furniture, Inc.",0010h00001czcOLAAY,0010h00001czcOLAAY,Berkshire Hathaway,1,"Berkshire Hathaway > Jordan's Furniture, Inc."
001E000000k6N4lIAE,"MCLANE COMPANY, INC.",0010h00001czcOLAAY,0010h00001czcOLAAY,Berkshire Hathaway,1,"Berkshire Hathaway > MCLANE COMPANY, INC."
0010L00001jTdZPQA0,Pilot Flying J,0010h00001czcOLAAY,0010h00001czcOLAAY,Berkshire Hathaway,1,Berkshire Hathaway > Pilot Flying J
0010L00001kUtYPQA0,"See'S Candy Shops, Incorporated",0010h00001czcOLAAY,0010h00001czcOLAAY,Berkshire Hathaway,1,"Berkshire Hathaway > See'S Candy Shops, Incorporated"
001E000000eQDIaIAO,"Shaw Industries, Inc.",0010h00001czcOLAAY,0010h00001czcOLAAY,Berkshire Hathaway,1,"Berkshire Hathaway > Shaw Industries, Inc."
0010h00001ayx54AAA,"TTI , Inc.",0010h00001czcOLAAY,0010h00001czcOLAAY,Berkshire Hathaway,1,"Berkshire Hathaway > TTI , Inc."
0010L00001jTX5CQAW,"Xtra Companies, Inc.",0010h00001czcOLAAY,0010h00001czcOLAAY,Berkshire Hathaway,1,"Berkshire Hathaway > Xtra Companies, Inc."
0010L00001jTayaQAC,Carpetland U.S.A. Inc,001E000000eQDIaIAO,0010h00001czcOLAAY,Berkshire Hathaway,2,"Berkshire Hathaway > Shaw Industries, Inc. > Carpetland U.S.A. Inc"
0018a00001tEW4aAAG,Concord Hospitality Enterprises,0010h00001Yb1N5AAJ,0010h00001czcOLAAY,Berkshire Hathaway,2,Berkshire Hathaway > Alleghany > Concord Hospitality Enterprises
0010L00001nG1b9QAC,Dairy Queen Canada,0010L00001jTbjuQAC,0010h00001czcOLAAY,Berkshire Hathaway,2,Berkshire Hathaway > Dairy Queen > Dairy Queen Canada
001E000000eQek1IAC,General Reinsurance Corporation,0010L00001qw2WXQAY,0010h00001czcOLAAY,Berkshire Hathaway,2,Berkshire Hathaway > Gen Re > General Reinsurance Corporation
001Mm00000DUyd6IAD,International Dairy Queen Inc,0010L00001jTbjuQAC,0010h00001czcOLAAY,Berkshire Hathaway,2,Berkshire Hathaway > Dairy Queen > International Dairy Queen Inc
0010L00001jTRCYQA4,"MEADOWBROOK MEAT COMPANY, INC.",001E000000k6N4lIAE,0010h00001czcOLAAY,Berkshire Hathaway,2,"Berkshire Hathaway > MCLANE COMPANY, INC. > MEADOWBROOK MEAT COMPANY, INC."
0010L00001jTV4QQAW,"Mclane/Carolina, Inc.",001E000000k6N4lIAE,0010h00001czcOLAAY,Berkshire Hathaway,2,"Berkshire Hathaway > MCLANE COMPANY, INC. > Mclane/Carolina, Inc."
0010L00001jTSFYQA4,"Mouser Electronics, Inc.",0010h00001ayx54AAA,0010h00001czcOLAAY,Berkshire Hathaway,2,"Berkshire Hathaway > TTI , Inc. > Mouser Electronics, Inc."
001E000000F1oLlIAJ,"See's Candies, Inc.",0010L00001kUtYPQA0,0010h00001czcOLAAY,Berkshire Hathaway,2,"Berkshire Hathaway > See'S Candy Shops, Incorporated > See's Candies, Inc."
0010L00001kUtYqQAK,"Shaw Contract Flooring Services, Inc.",001E000000eQDIaIAO,0010h00001czcOLAAY,Berkshire Hathaway,2,"Berkshire Hathaway > Shaw Industries, Inc. > Shaw Contract Flooring Services, Inc."
0010L00001kUu4PQAS,"Transco, Inc.",001E000000k6N4lIAE,0010h00001czcOLAAY,Berkshire Hathaway,2,"Berkshire Hathaway > MCLANE COMPANY, INC. > Transco, Inc."
0010L00001jTRxYQAW,Blue Diamond Growers,,0010L00001jTRxYQAW,Blue Diamond Growers,0,Blue Diamond Growers
0010h00001Zxu3VAAR,CAVA,,0010h00001Zxu3VAAR,CAVA,0,CAVA
0010h00001j73oXAAQ,CAVALLO Previously SalesPad,,0010h00001j73oXAAQ,CAVALLO Previously SalesPad,0,CAVALLO Previously SalesPad
0010L00001jTbjVQAS,"CVS Caremark Part D Services, L.L.C.",,0010L00001jTbjVQAS,"CVS Caremark Part D Services, L.L.C.",0,"CVS Caremark Part D Services, L.L.C."
001E000000SD9f5IAD,"Accordant, A CVS Caremark Co.",0010L00001jTbjVQAS,0010L00001jTbjVQAS,"CVS Caremark Part D Services, L.L.C.",1,"CVS Caremark Part D Services, L.L.C. > Accordant, A CVS Caremark Co."
001E000000eQdP1IAK,Aetna Inc.,0010L00001jTbjVQAS,0010L00001jTbjVQAS,"CVS Caremark Part D Services, L.L.C.",1,"CVS Caremark Part D Services, L.L.C. > Aetna Inc."
001E000001ds8sqIAA,"Arbor Drugs, Inc.",0010L00001jTbjVQAS,0010L00001jTbjVQAS,"CVS Caremark Part D Services, L.L.C.",1,"CVS Caremark Part D Services, L.L.C. > Arbor Drugs, Inc."
0018a00001tEVpbAAG,CVS Caremark,0010L00001jTbjVQAS,0010L00001jTbjVQAS,"CVS Caremark Part D Services, L.L.C.",1,"CVS Caremark Part D Services, L.L.C. > CVS Caremark"
001Mm00000DLvsxIAD,CVS Group Plc,0010L00001jTbjVQAS,0010L00001jTbjVQAS,"CVS Caremark Part D Services, L.L.C.",1,"CVS Caremark Part D Services, L.L.C. > CVS Group Plc"
0010L00001kUu9iQAC,"CVS Of Virginia, Inc.",0010L00001jTbjVQAS,0010L00001jTbjVQAS,"CVS Caremark Part D Services, L.L.C.",1,"CVS Caremark Part D Services, L.L.C. > CVS Of Virginia, Inc."
001E000001ds8srIAA,"CVS Pharmacy, Inc.",0010L00001jTbjVQAS,0010L00001jTbjVQAS,"CVS Caremark Part D Services, L.L.C.",1,"CVS Caremark Part D Services, L.L.C. > CVS Pharmacy, Inc."
0010L00001jTaxfQAC,"Caremark Phc, L.L.C.",0010L00001jTbjVQAS,0010L00001jTbjVQAS,"CVS Caremark Part D Services, L.L.C.",1,"CVS Caremark Part D Services, L.L.C. > Caremark Phc, L.L.C."
001E000001ds8swIAA,"Caremark Rx, Inc.",0010L00001jTbjVQAS,0010L00001jTbjVQAS,"CVS Caremark Part D Services, L.L.C.",1,"CVS Caremark Part D Services, L.L.C. > Caremark Rx, Inc."
0010L00001jTRrvQAG,Coram LLC,0010L00001jTbjVQAS,0010L00001jTbjVQAS,"CVS Caremark Part D Services, L.L.C.",1,"CVS Caremark Part D Services, L.L.C. > Coram LLC"
001E000000YqeuGIAR,"Coventry Health Care, Inc",0010L00001jTbjVQAS,0010L00001jTbjVQAS,"CVS Caremark Part D Services, L.L.C.",1,"CVS Caremark Part D Services, L.L.C. > Coventry Health Care, Inc"
0010L00001kUtwbQAC,"Garfield Beach Cvs, L.L.C.",0010L00001jTbjVQAS,0010L00001jTbjVQAS,"CVS Caremark Part D Services, L.L.C.",1,"CVS Caremark Part D Services, L.L.C. > Garfield Beach Cvs, L.L.C."
001E000001ds8stIAA,Longs Drug Stores Corporation,0010L00001jTbjVQAS,0010L00001jTbjVQAS,"CVS Caremark Part D Services, L.L.C.",1,"CVS Caremark Part D Services, L.L.C. > Longs Drug Stores Corporation"
0010L00001kUuAzQAK,"Minuteclinic Diagnostic Medical Group of San Diego, Inc.",0010L00001jTbjVQAS,0010L00001jTbjVQAS,"CVS Caremark Part D Services, L.L.C.",1,"CVS Caremark Part D Services, L.L.C. > Minuteclinic Diagnostic Medical Group of San Diego, Inc."
0010L00001kUtY8QAK,"Nashua Hollis Cvs, Inc",0010L00001jTbjVQAS,0010L00001jTbjVQAS,"CVS Caremark Part D Services, L.L.C.",1,"CVS Caremark Part D Services, L.L.C. > Nashua Hollis Cvs, Inc"
001E000000F1oHtIAJ,"Navarro Discount Pharmacies, Inc.",0010L00001jTbjVQAS,0010L00001jTbjVQAS,"CVS Caremark Part D Services, L.L.C.",1,"CVS Caremark Part D Services, L.L.C. > Navarro Discount Pharmacies, Inc."
0010L00001jTdORQA0,"Ohio CVS Stores, L.L.C.",0010L00001jTbjVQAS,0010L00001jTbjVQAS,"CVS Caremark Part D Services, L.L.C.",1,"CVS Caremark Part D Services, L.L.C. > Ohio CVS Stores, L.L.C."
0010L00001jTXarQAG,Omnicare Management Company,0010L00001jTbjVQAS,0010L00001jTbjVQAS,"CVS Caremark Part D Services, L.L.C.",1,"CVS Caremark Part D Services, L.L.C. > Omnicare Management Company"
0010L00001kUu99QAC,Pharmacare Holding Corporation,0010L00001jTbjVQAS,0010L00001jTbjVQAS,"CVS Caremark Part D Services, L.L.C.",1,"CVS Caremark Part D Services, L.L.C. > Pharmacare Holding Corporation"
0010L00001kUuIHQA0,"Steven, Mark Service Merchandisers, Inc.",0010L00001jTbjVQAS,0010L00001jTbjVQAS,"CVS Caremark Part D Services, L.L.C.",1,"CVS Caremark Part D Services, L.L.C. > Steven, Mark Service Merchandisers, Inc."
001Mm00000MKUsOIAX,"Aetna Health Holdings, LLC",001E000000eQdP1IAK,0010L00001jTbjVQAS,"CVS Caremark Part D Services, L.L.C.",2,"CVS Caremark Part D Services, L.L.C. > Aetna Inc. > Aetna Health Holdings, LLC"
0010L00001kUtd4QAC,CVS VA Distribution Inc,001E000001ds8srIAA,0010L00001jTbjVQAS,"CVS Caremark Part D Services, L.L.C.",2,"CVS Caremark Part D Services, L.L.C. > CVS Pharmacy, Inc. > CVS VA Distribution Inc"
0010L00001kUtXbQAK,"Caremark International, L.L.C.",001E000001ds8swIAA,0010L00001jTbjVQAS,"CVS Caremark Part D Services, L.L.C.",2,"CVS Caremark Part D Services, L.L.C. > Caremark Rx, Inc. > Caremark International, L.L.C."
0010L00001jTaxgQAC,"Caremarkpcs Health, L.L.C.",001E000001ds8swIAA,0010L00001jTbjVQAS,"CVS Caremark Part D Services, L.L.C.",2,"CVS Caremark Part D Services, L.L.C. > Caremark Rx, Inc. > Caremarkpcs Health, L.L.C."
001E000001fFFUWIA4,Coventry Workers Comp Services,001E000000YqeuGIAR,0010L00001jTbjVQAS,"CVS Caremark Part D Services, L.L.C.",2,"CVS Caremark Part D Services, L.L.C. > Coventry Health Care, Inc > Coventry Workers Comp Services"
001E000000gviM3IAI,First Health Group Corp.,001E000000YqeuGIAR,0010L00001jTbjVQAS,"CVS Caremark Part D Services, L.L.C.",2,"CVS Caremark Part D Services, L.L.C. > Coventry Health Care, Inc > First Health Group Corp."
0010L00001kUtDOQA0,"OMNICARE, INC.",001E000001ds8srIAA,0010L00001jTbjVQAS,"CVS Caremark Part D Services, L.L.C.",2,"CVS Caremark Part D Services, L.L.C. > CVS Pharmacy, Inc. > OMNICARE, INC."
0010L00001kUtlrQAC,Revco Discount Drug Centers Inc,0010L00001kUtY8QAK,0010L00001jTbjVQAS,"CVS Caremark Part D Services, L.L.C.",2,"CVS Caremark Part D Services, L.L.C. > Nashua Hollis Cvs, Inc > Revco Discount Drug Centers Inc"
0010L00001jTeFhQAK,"T2 Medical, Inc.",0010L00001jTRrvQAG,0010L00001jTbjVQAS,"CVS Caremark Part D Services, L.L.C.",2,"CVS Caremark Part D Services, L.L.C. > Coram LLC > T2 Medical, Inc."
0010L00001kUtvGQAS,"Woonsocket Prescription Center, Incorporated",001E000001ds8srIAA,0010L00001jTbjVQAS,"CVS Caremark Part D Services, L.L.C.",2,"CVS Caremark Part D Services, L.L.C. > CVS Pharmacy, Inc. > Woonsocket Prescription Center, Incorporated"
001E000000eQelNIAS,"Caremark, L.L.C.",0010L00001kUtXbQAK,0010L00001jTbjVQAS,"CVS Caremark Part D Services, L.L.C.",3,"CVS Caremark Part D Services, L.L.C. > Caremark Rx, Inc. > Caremark International, L.L.C. > Caremark, L.L.C."
0010L00001jTbWKQA0,Coram Healthcare Corporation Of Greater D.C.,0010L00001jTeFhQAK,0010L00001jTbjVQAS,"CVS Caremark Part D Services, L.L.C.",3,"CVS Caremark Part D Services, L.L.C. > Coram LLC > T2 Medical, Inc. > Coram Healthcare Corporation Of Greater D.C."
0010L00001jTdKVQA0,"North Shore Pharmacy Services, LLC",0010L00001kUtDOQA0,0010L00001jTbjVQAS,"CVS Caremark Part D Services, L.L.C.",3,"CVS Caremark Part D Services, L.L.C. > CVS Pharmacy, Inc. > OMNICARE, INC. > North Shore Pharmacy Services, LLC"
001Mm00000MKUsNIAX,Omnicare Holding Company,0010L00001kUtDOQA0,0010L00001jTbjVQAS,"CVS Caremark Part D Services, L.L.C.",3,"CVS Caremark Part D Services, L.L.C. > CVS Pharmacy, Inc. > OMNICARE, INC. > Omnicare Holding Company"
0010L00001jTdPpQAK,Omnicare Pharmacy Services of Pittsburgh,0010L00001kUtDOQA0,0010L00001jTbjVQAS,"CVS Caremark Part D Services, L.L.C.",3,"CVS Caremark Part D Services, L.L.C. > CVS Pharmacy, Inc. > OMNICARE, INC. > Omnicare Pharmacy Services of Pittsburgh"
001Mm00000MKUsMIAX,"Prodigy Health Group, Inc.",001Mm00000MKUsOIAX,0010L00001jTbjVQAS,"CVS Caremark Part D Services, L.L.C.",3,"CVS Caremark Part D Services, L.L.C. > Aetna Inc. > Aetna Health Holdings, LLC > Prodigy Health Group, Inc."
001E000001EA64fIAD,Meritain Health,001Mm00000MKUsMIAX,0010L00001jTbjVQAS,"CVS Caremark Part D Services, L.L.C.",4,"CVS Caremark Part D Services, L.L.C. > Aetna Inc. > Aetna Health Holdings, LLC > Prodigy Health Group, Inc. > Meritain Health"
001Mm00000DUXh1IAH,"NCS Healthcare, Inc.",001Mm00000MKUsNIAX,0010L00001jTbjVQAS,"CVS Caremark Part D Services, L.L.C.",4,"CVS Caremark Part D Services, L.L.C. > CVS Pharmacy, Inc. > OMNICARE, INC. > Omnicare Holding Company > NCS Healthcare, Inc."
001E000000ShhEaIAJ,Caesars Entertainment Corporation,,001E000000ShhEaIAJ,Caesars Entertainment Corporation,0,Caesars Entertainment Corporation
0010L00001jTXGjQAO,"Caesars New Jersey, Inc.",001E000000ShhEaIAJ,001E000000ShhEaIAJ,Caesars Entertainment Corporation,1,"Caesars Entertainment Corporation > Caesars New Jersey, Inc."
001E000000TJUiTIAX,Caesars Palace Corporation,001E000000ShhEaIAJ,001E000000ShhEaIAJ,Caesars Entertainment Corporation,1,Caesars Entertainment Corporation > Caesars Palace Corporation
001E000000ShhL7IAJ,"Caesars Riverboat Casino, LLC",001E000000ShhEaIAJ,001E000000ShhEaIAJ,Caesars Entertainment Corporation,1,"Caesars Entertainment Corporation > Caesars Riverboat Casino, LLC"
0010L00001kUtStQAK,"Caesars World, Inc.",001E000000ShhEaIAJ,001E000000ShhEaIAJ,Caesars Entertainment Corporation,1,"Caesars Entertainment Corporation > Caesars World, Inc."
001E000000ShibFIAR,Circus Circus Casinos,001E000000ShhEaIAJ,001E000000ShhEaIAJ,Caesars Entertainment Corporation,1,Caesars Entertainment Corporation > Circus Circus Casinos
001E000000ShhFxIAJ,Eldorado Resorts,001E000000ShhEaIAJ,001E000000ShhEaIAJ,Caesars Entertainment Corporation,1,Caesars Entertainment Corporation > Eldorado Resorts
0018a00001tEUzeAAG,Grand Victoria Casino,001E000000ShhEaIAJ,001E000000ShhEaIAJ,Caesars Entertainment Corporation,1,Caesars Entertainment Corporation > Grand Victoria Casino
001E000000ShhLbIAJ,Harrah's Atlantic City Operating Company LLC,001E000000ShhEaIAJ,001E000000ShhEaIAJ,Caesars Entertainment Corporation,1,Caesars Entertainment Corporation > Harrah's Atlantic City Operating Company LLC
0018a00001tEVtUAAW,Harrah's Hotels and Casinos,001E000000ShhEaIAJ,001E000000ShhEaIAJ,Caesars Entertainment Corporation,1,Caesars Entertainment Corporation > Harrah's Hotels and Casinos
001E000000ShhLdIAJ,Harrah's Laughlin Beach Resort & Casino,001E000000ShhEaIAJ,001E000000ShhEaIAJ,Caesars Entertainment Corporation,1,Caesars Entertainment Corporation > Harrah's Laughlin Beach Resort & Casino
0018a00002Gk0kxAAB,Harrah's North Kansas City LLC,001E000000ShhEaIAJ,001E000000ShhEaIAJ,Caesars Entertainment Corporation,1,Caesars Entertainment Corporation > Harrah's North Kansas City LLC
001E000000ShhGNIAZ,"Harrah's Operating Company, Inc.",001E000000ShhEaIAJ,001E000000ShhEaIAJ,Caesars Entertainment Corporation,1,"Caesars Entertainment Corporation > Harrah's Operating Company, Inc."
0010L00001kW6wzQAC,Harrahs Philadelphia Casino and Racetrack,001E000000ShhEaIAJ,001E000000ShhEaIAJ,Caesars Entertainment Corporation,1,Caesars Entertainment Corporation > Harrahs Philadelphia Casino and Racetrack
001E000000ShhLhIAJ,Harveys Casino Resorts,001E000000ShhEaIAJ,001E000000ShhEaIAJ,Caesars Entertainment Corporation,1,Caesars Entertainment Corporation > Harveys Casino Resorts
001E000000ShhGXIAZ,Hoosier Park L.P.,001E000000ShhEaIAJ,001E000000ShhEaIAJ,Caesars Entertainment Corporation,1,Caesars Entertainment Corporation > Hoosier Park L.P.
0018a00001tEVupAAG,Horseshoe Gaming Holding,001E000000ShhEaIAJ,001E000000ShhEaIAJ,Caesars Entertainment Corporation,1,Caesars Entertainment Corporation > Horseshoe Gaming Holding
001E000000ShhGmIAJ,"Isle of Capri Casinos, Inc.",001E000000ShhEaIAJ,001E000000ShhEaIAJ,Caesars Entertainment Corporation,1,"Caesars Entertainment Corporation > Isle of Capri Casinos, Inc."
001E000000ShhHjIAJ,Parball Corporation,001E000000ShhEaIAJ,001E000000ShhEaIAJ,Caesars Entertainment Corporation,1,Caesars Entertainment Corporation > Parball Corporation
001E000000ShhHkIAJ,Paris Hotel Casino Resort,001E000000ShhEaIAJ,001E000000ShhEaIAJ,Caesars Entertainment Corporation,1,Caesars Entertainment Corporation > Paris Hotel Casino Resort
001E000000ShhHwIAJ,Planet Hollywood Resort & Casino,001E000000ShhEaIAJ,001E000000ShhEaIAJ,Caesars Entertainment Corporation,1,Caesars Entertainment Corporation > Planet Hollywood Resort & Casino
001E000000ShhIIIAZ,Rio All-Suite Hotel & Casino,001E000000ShhEaIAJ,001E000000ShhEaIAJ,Caesars Entertainment Corporation,1,Caesars Entertainment Corporation > Rio All-Suite Hotel & Casino
001E000000TJUiUIAX,Silver Legacy Resort Casino,001E000000ShhEaIAJ,001E000000ShhEaIAJ,Caesars Entertainment Corporation,1,Caesars Entertainment Corporation > Silver Legacy Resort Casino
001E000000ShhJOIAZ,"Tropicana Las Vegas, Inc.",001E000000ShhEaIAJ,001E000000ShhEaIAJ,Caesars Entertainment Corporation,1,"Caesars Entertainment Corporation > Tropicana Las Vegas, Inc."
0010L00001jTatzQAC,Caesars License Company LLC,001E000000ShhHjIAJ,001E000000ShhEaIAJ,Caesars Entertainment Corporation,2,Caesars Entertainment Corporation > Parball Corporation > Caesars License Company LLC
0010L00001jTboAQAS,"Desert Palace, Inc.",001E000000TJUiTIAX,001E000000ShhEaIAJ,Caesars Entertainment Corporation,2,"Caesars Entertainment Corporation > Caesars Palace Corporation > Desert Palace, Inc."
001E000000ShhLaIAJ,Gulfside Casino Partnership,001E000000ShhGNIAZ,001E000000ShhEaIAJ,Caesars Entertainment Corporation,2,"Caesars Entertainment Corporation > Harrah's Operating Company, Inc. > Gulfside Casino Partnership"
001E000000ShhLcIAJ,Harrah's Casino,001E000000ShhGNIAZ,001E000000ShhEaIAJ,Caesars Entertainment Corporation,2,"Caesars Entertainment Corporation > Harrah's Operating Company, Inc. > Harrah's Casino"
001E000000ShhLeIAJ,"Harrah's New Jersey, Inc",001E000000ShhGNIAZ,001E000000ShhEaIAJ,Caesars Entertainment Corporation,2,"Caesars Entertainment Corporation > Harrah's Operating Company, Inc. > Harrah's New Jersey, Inc"
001E000000ShhLfIAJ,Harrah's Reno,001E000000ShhGNIAZ,001E000000ShhEaIAJ,Caesars Entertainment Corporation,2,"Caesars Entertainment Corporation > Harrah's Operating Company, Inc. > Harrah's Reno"
001E000000ShhLgIAJ,Harrah's St. Louis,001E000000ShhGNIAZ,001E000000ShhEaIAJ,Caesars Entertainment Corporation,2,"Caesars Entertainment Corporation > Harrah's Operating Company, Inc. > Harrah's St. Louis"
0010L00001jTcLuQAK,Harveys Iowa Management Company Inc,001E000000ShhLhIAJ,001E000000ShhEaIAJ,Caesars Entertainment Corporation,2,Caesars Entertainment Corporation > Harveys Casino Resorts > Harveys Iowa Management Company Inc
001E000000c5p0WIAQ,"Rio Properties, Inc.",001E000000ShhIIIAZ,001E000000ShhEaIAJ,Caesars Entertainment Corporation,2,"Caesars Entertainment Corporation > Rio All-Suite Hotel & Casino > Rio Properties, Inc."
001E000000ShhIKIAZ,Riverboat Corporation Of Mississippi,001E000000ShhGmIAJ,001E000000ShhEaIAJ,Caesars Entertainment Corporation,2,"Caesars Entertainment Corporation > Isle of Capri Casinos, Inc. > Riverboat Corporation Of Mississippi"
001E000000ShhIfIAJ,"Showboat, Inc.",001E000000ShhGNIAZ,001E000000ShhEaIAJ,Caesars Entertainment Corporation,2,"Caesars Entertainment Corporation > Harrah's Operating Company, Inc. > Showboat, Inc."
001E000000ShhKVIAZ,Atlantic City Showboat Inc,001E000000ShhIfIAJ,001E000000ShhEaIAJ,Caesars Entertainment Corporation,3,"Caesars Entertainment Corporation > Harrah's Operating Company, Inc. > Showboat, Inc. > Atlantic City Showboat Inc"
001E000001hJu3AIAS,Canada Goose,,001E000001hJu3AIAS,Canada Goose,0,Canada Goose
0010L00001jTSVYQA4,"Cavalier Telephone, L.L.C.",,0010L00001jTSVYQA4,"Cavalier Telephone, L.L.C.",0,"Cavalier Telephone, L.L.C."
0010L00001jTWMgQAO,"Cavtel Holdings, LLC",0010L00001jTSVYQA4,0010L00001jTSVYQA4,"Cavalier Telephone, L.L.C.",1,"Cavalier Telephone, L.L.C. > Cavtel Holdings, LLC"
0010L00001kUtq0QAC,"Talk America Holdings, Inc.",0010L00001jTSVYQA4,0010L00001jTSVYQA4,"Cavalier Telephone, L.L.C.",1,"Cavalier Telephone, L.L.C. > Talk America Holdings, Inc."
0010L00001jTeG5QAK,"Talkamerica, Inc.",0010L00001kUtq0QAC,0010L00001jTSVYQA4,"Cavalier Telephone, L.L.C.",2,"Cavalier Telephone, L.L.C. > Talk America Holdings, Inc. > Talkamerica, Inc."
001Mm00000chLpjIAE,CenCore,,001Mm00000chLpjIAE,CenCore,0,CenCore
001E000001QRKEuIAP,Cerberus Capital Management,,001E000001QRKEuIAP,Cerberus Capital Management,0,Cerberus Capital Management
001E000000F1oD5IAJ,Albertsons,001E000001QRKEuIAP,001E000001QRKEuIAP,Cerberus Capital Management,1,Cerberus Capital Management > Albertsons
0010L00001jTRaGQAW,Cerberus Abp Investor LLC,001E000001QRKEuIAP,001E000001QRKEuIAP,Cerberus Capital Management,1,Cerberus Capital Management > Cerberus Abp Investor LLC
001E000000F1o8uIAB,"Acme Markets, Inc.",001E000000F1oD5IAJ,001E000001QRKEuIAP,Cerberus Capital Management,2,"Cerberus Capital Management > Albertsons > Acme Markets, Inc."
0018a00001tESatAAG,Albertsons/Safeway - Seattle Division,001E000000F1oD5IAJ,001E000001QRKEuIAP,Cerberus Capital Management,2,Cerberus Capital Management > Albertsons > Albertsons/Safeway - Seattle Division
001E000000F1oD6IAJ,"American Drug Stores, Inc.",001E000000F1oD5IAJ,001E000001QRKEuIAP,Cerberus Capital Management,2,"Cerberus Capital Management > Albertsons > American Drug Stores, Inc."
0010h00001iy15QAAQ,Amigos United,001E000000F1oD5IAJ,001E000001QRKEuIAP,Cerberus Capital Management,2,Cerberus Capital Management > Albertsons > Amigos United
001E000000F1oB0IAJ,BlueLinx Holdings Inc.,0010L00001jTRaGQAW,001E000001QRKEuIAP,Cerberus Capital Management,2,Cerberus Capital Management > Cerberus Abp Investor LLC > BlueLinx Holdings Inc.
0018a00001kvFnjAAE,El Rancho Supermercado,001E000000F1oD5IAJ,001E000001QRKEuIAP,Cerberus Capital Management,2,Cerberus Capital Management > Albertsons > El Rancho Supermercado
0010L00001kUtSqQAK,"Haggen Acquisition, LLC",001E000000F1oD5IAJ,001E000001QRKEuIAP,Cerberus Capital Management,2,"Cerberus Capital Management > Albertsons > Haggen Acquisition, LLC"
0010L00001jTRUfQAO,"Jewel Osco, Inc.",001E000000F1oD5IAJ,001E000001QRKEuIAP,Cerberus Capital Management,2,"Cerberus Capital Management > Albertsons > Jewel Osco, Inc."
001E000000F1o8QIAR,"Joah, Inc.",001E000000F1oD5IAJ,001E000001QRKEuIAP,Cerberus Capital Management,2,"Cerberus Capital Management > Albertsons > Joah, Inc."
0010h00001iy15RAAQ,Market Street,001E000000F1oD5IAJ,001E000001QRKEuIAP,Cerberus Capital Management,2,Cerberus Capital Management > Albertsons > Market Street
0010h00001dvZZTAA2,Pavilions,001E000000F1oD5IAJ,001E000001QRKEuIAP,Cerberus Capital Management,2,Cerberus Capital Management > Albertsons > Pavilions
0010h00001dvZZnAAM,Plated,001E000000F1oD5IAJ,001E000001QRKEuIAP,Cerberus Capital Management,2,Cerberus Capital Management > Albertsons > Plated
001E000000F1o8mIAB,"Randalls Food Markets, Inc.",001E000000F1oD5IAJ,001E000001QRKEuIAP,Cerberus Capital Management,2,"Cerberus Capital Management > Albertsons > Randalls Food Markets, Inc."
0010L00001kUu89QAC,Safeway Stores 46 Inc,001E000000F1oD5IAJ,001E000001QRKEuIAP,Cerberus Capital Management,2,Cerberus Capital Management > Albertsons > Safeway Stores 46 Inc
0010L00001kUtSSQA0,"Shaw's Holdings, Inc",001E000000F1oD5IAJ,001E000001QRKEuIAP,Cerberus Capital Management,2,"Cerberus Capital Management > Albertsons > Shaw's Holdings, Inc"
0018a00001tEWDsAAO,"Shaw's Supermarkets, Inc.",001E000000F1oD5IAJ,001E000001QRKEuIAP,Cerberus Capital Management,2,"Cerberus Capital Management > Albertsons > Shaw's Supermarkets, Inc."
001Mm00000DUykCIAT,"Star Markets Co., Inc.",001E000000F1oD5IAJ,001E000001QRKEuIAP,Cerberus Capital Management,2,"Cerberus Capital Management > Albertsons > Star Markets Co., Inc."
001E000001ds9OcIAI,The Vons Companies Inc.,001E000000F1oD5IAJ,001E000001QRKEuIAP,Cerberus Capital Management,2,Cerberus Capital Management > Albertsons > The Vons Companies Inc.
0010h00001dvZb5AAE,Tom Thumb,001E000000F1oD5IAJ,001E000001QRKEuIAP,Cerberus Capital Management,2,Cerberus Capital Management > Albertsons > Tom Thumb
001E000000DzPFEIA3,"United Supermarkets, LLC",001E000000F1oD5IAJ,001E000001QRKEuIAP,Cerberus Capital Management,2,"Cerberus Capital Management > Albertsons > United Supermarkets, LLC"
0010L00001kUtR2QAK,BLUELINX CORPORATION,001E000000F1oB0IAJ,001E000001QRKEuIAP,Cerberus Capital Management,3,Cerberus Capital Management > Cerberus Abp Investor LLC > BlueLinx Holdings Inc. > BLUELINX CORPORATION
001E000000F1oCmIAJ,"Haggen, Inc.",0010L00001kUtSqQAK,001E000001QRKEuIAP,Cerberus Capital Management,3,"Cerberus Capital Management > Albertsons > Haggen Acquisition, LLC > Haggen, Inc."
001E000000F1oJsIAJ,"Kings Super Markets, Inc.",001E000000F1o8uIAB,001E000001QRKEuIAP,Cerberus Capital Management,3,"Cerberus Capital Management > Albertsons > Acme Markets, Inc. > Kings Super Markets, Inc."
001Mm00000MKdqbIAD,"Safeway Southern California, Inc.",0010L00001kUu89QAC,001E000001QRKEuIAP,Cerberus Capital Management,3,"Cerberus Capital Management > Albertsons > Safeway Stores 46 Inc > Safeway Southern California, Inc."
001E000000F1o8oIAB,"Tom Thumb Food & Drugs, Inc.",0010L00001kUu89QAC,001E000001QRKEuIAP,Cerberus Capital Management,3,"Cerberus Capital Management > Albertsons > Safeway Stores 46 Inc > Tom Thumb Food & Drugs, Inc."
001E0000019L9UDIA0,Cineplex Odeon Corporation,,001E0000019L9UDIA0,Cineplex Odeon Corporation,0,Cineplex Odeon Corporation
0018a00001tEUmKAAW,Cineplex,001E0000019L9UDIA0,001E0000019L9UDIA0,Cineplex Odeon Corporation,1,Cineplex Odeon Corporation > Cineplex
0018a00002MUj01AAD,Cineplex Digital Media,001E0000019L9UDIA0,001E0000019L9UDIA0,Cineplex Odeon Corporation,1,Cineplex Odeon Corporation > Cineplex Digital Media
001E000000DzPFbIAN,Costco,,001E000000DzPFbIAN,Costco,0,Costco
0010L00001jTRv4QAG,Costco Canada Holdings Inc,001E000000DzPFbIAN,001E000000DzPFbIAN,Costco,1,Costco > Costco Canada Holdings Inc
0010h00001jV31xAAC,Costco France,001E000000DzPFbIAN,001E000000DzPFbIAN,Costco,1,Costco > Costco France
0018a00001tEVZcAAO,Costco Mexico,001E000000DzPFbIAN,001E000000DzPFbIAN,Costco,1,Costco > Costco Mexico
0010h00001Zxm3NAAR,Costco Travel,001E000000DzPFbIAN,001E000000DzPFbIAN,Costco,1,Costco > Costco Travel
001E000000F1o98IAB,Costco Wholesale Canada Ltd.,001E000000DzPFbIAN,001E000000DzPFbIAN,Costco,1,Costco > Costco Wholesale Canada Ltd.
0018a000020r6n4AAA,Costco Wholesale UK,001E000000DzPFbIAN,001E000000DzPFbIAN,Costco,1,Costco > Costco Wholesale UK
0010L00001kUuJYQA0,The Price Company,001E000000DzPFbIAN,001E000000DzPFbIAN,Costco,1,Costco > The Price Company
0010h00001YZ6JuAAL,Crunch Fitness,,0010h00001YZ6JuAAL,Crunch Fitness,0,Crunch Fitness
0010L00001kUtZYQA0,"Delaware North Companies Travel Hospitality Services, Inc.",,0010L00001kUtZYQA0,"Delaware North Companies Travel Hospitality Services, Inc.",0,"Delaware North Companies Travel Hospitality Services, Inc."
0010L00001jTadBQAS,Armstrong Airport Concessions,0010L00001kUtZYQA0,0010L00001kUtZYQA0,"Delaware North Companies Travel Hospitality Services, Inc.",1,"Delaware North Companies Travel Hospitality Services, Inc. > Armstrong Airport Concessions"
0010L00001jTbqUQAS,"DNC Parks & Resorts At Yosemite, Inc.",0010L00001kUtZYQA0,0010L00001kUtZYQA0,"Delaware North Companies Travel Hospitality Services, Inc.",1,"Delaware North Companies Travel Hospitality Services, Inc. > DNC Parks & Resorts At Yosemite, Inc."
001E000000TJUiwIAH,Delaware North,0010L00001kUtZYQA0,0010L00001kUtZYQA0,"Delaware North Companies Travel Hospitality Services, Inc.",1,"Delaware North Companies Travel Hospitality Services, Inc. > Delaware North"
0010L00001kUtTKQA0,"Delaware North Companies Sportservice, Inc.",0010L00001kUtZYQA0,0010L00001kUtZYQA0,"Delaware North Companies Travel Hospitality Services, Inc.",1,"Delaware North Companies Travel Hospitality Services, Inc. > Delaware North Companies Sportservice, Inc."
0010L00001jTbqVQAS,Dnc/Mfs Food Group,0010L00001kUtZYQA0,0010L00001kUtZYQA0,"Delaware North Companies Travel Hospitality Services, Inc.",1,"Delaware North Companies Travel Hospitality Services, Inc. > Dnc/Mfs Food Group"
0010L00001jTbqWQAS,Dncths Atlanta,0010L00001kUtZYQA0,0010L00001kUtZYQA0,"Delaware North Companies Travel Hospitality Services, Inc.",1,"Delaware North Companies Travel Hospitality Services, Inc. > Dncths Atlanta"
0010L00001jTeP5QAK,Jumer's Casino & Hotel,0010L00001kUtZYQA0,0010L00001kUtZYQA0,"Delaware North Companies Travel Hospitality Services, Inc.",1,"Delaware North Companies Travel Hospitality Services, Inc. > Jumer's Casino & Hotel"
0010L00001jTdQ7QAK,Ontario Concessions,0010L00001kUtZYQA0,0010L00001kUtZYQA0,"Delaware North Companies Travel Hospitality Services, Inc.",1,"Delaware North Companies Travel Hospitality Services, Inc. > Ontario Concessions"
0018a00001tEUraAAG,Southland Casino Racing,0010L00001kUtZYQA0,0010L00001kUtZYQA0,"Delaware North Companies Travel Hospitality Services, Inc.",1,"Delaware North Companies Travel Hospitality Services, Inc. > Southland Casino Racing"
0010L00001jTf1lQAC,"Wheeling Island Gaming, Inc.",0010L00001kUtZYQA0,0010L00001kUtZYQA0,"Delaware North Companies Travel Hospitality Services, Inc.",1,"Delaware North Companies Travel Hospitality Services, Inc. > Wheeling Island Gaming, Inc."
0010L00001jTbl9QAC,"Daytona Beach Kennel Club, Inc.",001E000000TJUiwIAH,0010L00001kUtZYQA0,"Delaware North Companies Travel Hospitality Services, Inc.",2,"Delaware North Companies Travel Hospitality Services, Inc. > Delaware North > Daytona Beach Kennel Club, Inc."
0010L00001jTd5zQAC,Milwaukee Sportservice Inc,0010L00001kUtTKQA0,0010L00001kUtZYQA0,"Delaware North Companies Travel Hospitality Services, Inc.",2,"Delaware North Companies Travel Hospitality Services, Inc. > Delaware North Companies Sportservice, Inc. > Milwaukee Sportservice Inc"
0010L00001jTTqbQAG,Delta Galil Usa Inc.,,0010L00001jTTqbQAG,Delta Galil Usa Inc.,0,Delta Galil Usa Inc.
0018a00001tEVQnAAO,7 For All Mankind,0010L00001jTTqbQAG,0010L00001jTTqbQAG,Delta Galil Usa Inc.,1,Delta Galil Usa Inc. > 7 For All Mankind
0010L00001jTa4ZQAS,"Desert Subway, Inc.",,0010L00001jTa4ZQAS,"Desert Subway, Inc.",0,"Desert Subway, Inc."
001E000000F1oE0IAJ,Dollar Tree,,001E000000F1oE0IAJ,Dollar Tree,0,Dollar Tree
0010L00001kUtniQAC,"Dollar Tree Distribution, Inc.",001E000000F1oE0IAJ,001E000000F1oE0IAJ,Dollar Tree,1,"Dollar Tree > Dollar Tree Distribution, Inc."
0010L00001jTbqkQAC,"Dollar Tree Stores Canada, Inc",001E000000F1oE0IAJ,001E000000F1oE0IAJ,Dollar Tree,1,"Dollar Tree > Dollar Tree Stores Canada, Inc"
001E000000F1oKvIAJ,"Greenbacks, Inc.",001E000000F1oE0IAJ,001E000000F1oE0IAJ,Dollar Tree,1,"Dollar Tree > Greenbacks, Inc."
0010L00001jTaTNQA0,AGG Holdings Ltd,0010L00001jTbqkQAC,001E000000F1oE0IAJ,Dollar Tree,2,"Dollar Tree > Dollar Tree Stores Canada, Inc > AGG Holdings Ltd"
001E000000F1oITIAZ,Dollarama Inc.,,001E000000F1oITIAZ,Dollarama Inc.,0,Dollarama Inc.
001E000000DzPFMIA3,Empire Company Limited,,001E000000DzPFMIA3,Empire Company Limited,0,Empire Company Limited
0010h00001dvZA5AAM,Longo's - Holding Account,001E000000DzPFMIA3,001E000000DzPFMIA3,Empire Company Limited,1,Empire Company Limited > Longo's - Holding Account
001Mm00000NxOE1IAN,Sobeys - Holding Account,001E000000DzPFMIA3,001E000000DzPFMIA3,Empire Company Limited,1,Empire Company Limited > Sobeys - Holding Account
001E000000F1oMhIAJ,Longo's,0010h00001dvZA5AAM,001E000000DzPFMIA3,Empire Company Limited,2,Empire Company Limited > Longo's - Holding Account > Longo's
001E000000F1o9HIAR,Sobeys,001Mm00000NxOE1IAN,001E000000DzPFMIA3,Empire Company Limited,2,Empire Company Limited > Sobeys - Holding Account > Sobeys
0010h00001dvZOaAAM,Big 8 Beverage,001E000000F1o9HIAR,001E000000DzPFMIA3,Empire Company Limited,3,Empire Company Limited > Sobeys - Holding Account > Sobeys > Big 8 Beverage
001Mm00000DV1JtIAL,CSL IT Services ULC,001E000000F1o9HIAR,001E000000DzPFMIA3,Empire Company Limited,3,Empire Company Limited > Sobeys - Holding Account > Sobeys > CSL IT Services ULC
0018a00001lcLEeAAM,Farm Boy Company Inc. - Holding Account,001E000000F1o9HIAR,001E000000DzPFMIA3,Empire Company Limited,3,Empire Company Limited > Sobeys - Holding Account > Sobeys > Farm Boy Company Inc. - Holding Account
0010h00001dvZOzAAM,FreshCo,001E000000F1o9HIAR,001E000000DzPFMIA3,Empire Company Limited,3,Empire Company Limited > Sobeys - Holding Account > Sobeys > FreshCo
0010h00001a9Z2kAAE,IGA,001E000000F1o9HIAR,001E000000DzPFMIA3,Empire Company Limited,3,Empire Company Limited > Sobeys - Holding Account > Sobeys > IGA
0010L00001kUtbrQAC,Lawton's Incorporated,001E000000F1o9HIAR,001E000000DzPFMIA3,Empire Company Limited,3,Empire Company Limited > Sobeys - Holding Account > Sobeys > Lawton's Incorporated
0010h00001dvZQHAA2,March� Bonichoix,001E000000F1o9HIAR,001E000000DzPFMIA3,Empire Company Limited,3,Empire Company Limited > Sobeys - Holding Account > Sobeys > March� Bonichoix
0010h00001dvZR5AAM,March� Tradition,001E000000F1o9HIAR,001E000000DzPFMIA3,Empire Company Limited,3,Empire Company Limited > Sobeys - Holding Account > Sobeys > March� Tradition
0010h00001dvZPKAA2,Needs Convenience,001E000000F1o9HIAR,001E000000DzPFMIA3,Empire Company Limited,3,Empire Company Limited > Sobeys - Holding Account > Sobeys > Needs Convenience
0010h00001dvZShAAM,Pete's Frootique,001E000000F1o9HIAR,001E000000DzPFMIA3,Empire Company Limited,3,Empire Company Limited > Sobeys - Holding Account > Sobeys > Pete's Frootique
0010h00001dvZSNAA2,Rachelle-Béry,001E000000F1o9HIAR,001E000000DzPFMIA3,Empire Company Limited,3,Empire Company Limited > Sobeys - Holding Account > Sobeys > Rachelle-Béry
001E000000DzPF8IAN,Safeway Canada,001E000000F1o9HIAR,001E000000DzPFMIA3,Empire Company Limited,3,Empire Company Limited > Sobeys - Holding Account > Sobeys > Safeway Canada
001E000001ds8kxIAA,Sobeys West Inc.,001E000000F1o9HIAR,001E000000DzPFMIA3,Empire Company Limited,3,Empire Company Limited > Sobeys - Holding Account > Sobeys > Sobeys West Inc.
0010h00001dvZPsAAM,Thrifty Foods,001E000000F1o9HIAR,001E000000DzPFMIA3,Empire Company Limited,3,Empire Company Limited > Sobeys - Holding Account > Sobeys > Thrifty Foods
001E000001hJu22IAC,Farm Boy Company Inc.,0018a00001lcLEeAAM,001E000000DzPFMIA3,Empire Company Limited,4,Empire Company Limited > Sobeys - Holding Account > Sobeys > Farm Boy Company Inc. - Holding Account > Farm Boy Company Inc.
001E000000F1o8YIAR,Lawton's Drug Stores Limited,0010L00001kUtbrQAC,001E000000DzPFMIA3,Empire Company Limited,4,Empire Company Limited > Sobeys - Holding Account > Sobeys > Lawton's Incorporated > Lawton's Drug Stores Limited
001E000001ds9OdIAI,Safeway Denver Inc,001E000000DzPF8IAN,001E000000DzPFMIA3,Empire Company Limited,4,Empire Company Limited > Sobeys - Holding Account > Sobeys > Safeway Canada > Safeway Denver Inc
001Mm00000ZeMs6IAF,Fairfax Financial Holdings,,001Mm00000ZeMs6IAF,Fairfax Financial Holdings,0,Fairfax Financial Holdings
0010L00001jTTWUQA4,Recipe Unlimited Corp - Holding Account,001Mm00000ZeMs6IAF,001Mm00000ZeMs6IAF,Fairfax Financial Holdings,1,Fairfax Financial Holdings > Recipe Unlimited Corp - Holding Account
001E000000TKJAdIAP,The Keg,001Mm00000ZeMs6IAF,001Mm00000ZeMs6IAF,Fairfax Financial Holdings,1,Fairfax Financial Holdings > The Keg
001E000000PNpW4IAL,Recipe Unlimited Corporation,0010L00001jTTWUQA4,001Mm00000ZeMs6IAF,Fairfax Financial Holdings,2,Fairfax Financial Holdings > Recipe Unlimited Corp - Holding Account > Recipe Unlimited Corporation
0010h00001iL3GBAA0,Fresh Restaurants,001E000000PNpW4IAL,001Mm00000ZeMs6IAF,Fairfax Financial Holdings,3,Fairfax Financial Holdings > Recipe Unlimited Corp - Holding Account > Recipe Unlimited Corporation > Fresh Restaurants
001E000000TKKCoIAP,Kelsey's Restaurants Inc,001E000000PNpW4IAL,001Mm00000ZeMs6IAF,Fairfax Financial Holdings,3,Fairfax Financial Holdings > Recipe Unlimited Corp - Holding Account > Recipe Unlimited Corporation > Kelsey's Restaurants Inc
0018a00001tEWJuAAO,Pickle Barrel Group of Restaurants,001E000000PNpW4IAL,001Mm00000ZeMs6IAF,Fairfax Financial Holdings,3,Fairfax Financial Holdings > Recipe Unlimited Corp - Holding Account > Recipe Unlimited Corporation > Pickle Barrel Group of Restaurants
0010L00001jTddtQAC,Prime Restaurants Inc,001E000000PNpW4IAL,001Mm00000ZeMs6IAF,Fairfax Financial Holdings,3,Fairfax Financial Holdings > Recipe Unlimited Corp - Holding Account > Recipe Unlimited Corporation > Prime Restaurants Inc
001E000001IEpD3IAL,St-Hubert,001E000000PNpW4IAL,001Mm00000ZeMs6IAF,Fairfax Financial Holdings,3,Fairfax Financial Holdings > Recipe Unlimited Corp - Holding Account > Recipe Unlimited Corporation > St-Hubert
001E000000ByahNIAR,"Family Dollar Stores, Inc.",,001E000000ByahNIAR,"Family Dollar Stores, Inc.",0,"Family Dollar Stores, Inc."
001E000000Py59TIAR,"Fishbeck, Thompson, Carr & Huber, Inc.",,001E000000Py59TIAR,"Fishbeck, Thompson, Carr & Huber, Inc.",0,"Fishbeck, Thompson, Carr & Huber, Inc."
0010L00001jTT8eQAG,Fkg Oil Company,,0010L00001jTT8eQAG,Fkg Oil Company,0,Fkg Oil Company
001E000000i0nBOIAY,Flowserve Corporation,,001E000000i0nBOIAY,Flowserve Corporation,0,Flowserve Corporation
0010L00001kUtUOQA0,Flowserve Us Inc.,001E000000i0nBOIAY,001E000000i0nBOIAY,Flowserve Corporation,1,Flowserve Corporation > Flowserve Us Inc.
0010L00001jTaDNQA0,"Mogas Industries, Inc.",001E000000i0nBOIAY,001E000000i0nBOIAY,Flowserve Corporation,1,"Flowserve Corporation > Mogas Industries, Inc."
0018a00002Gk8cJAAR,Four Seasons Holdings Inc. - Holding Account,,0018a00002Gk8cJAAR,Four Seasons Holdings Inc. - Holding Account,0,Four Seasons Holdings Inc. - Holding Account
001E000000TJUj4IAH,Four Seasons Holdings Inc.,0018a00002Gk8cJAAR,0018a00002Gk8cJAAR,Four Seasons Holdings Inc. - Holding Account,1,Four Seasons Holdings Inc. - Holding Account > Four Seasons Holdings Inc.
0018a00002Gk0hpAAB,"Four Seasons Hotels and Resorts, Inc.",001E000000TJUj4IAH,0018a00002Gk8cJAAR,Four Seasons Holdings Inc. - Holding Account,2,"Four Seasons Holdings Inc. - Holding Account > Four Seasons Holdings Inc. > Four Seasons Hotels and Resorts, Inc."
001Mm000009lx7VIAQ,Four Seasons EU,0018a00002Gk0hpAAB,0018a00002Gk8cJAAR,Four Seasons Holdings Inc. - Holding Account,3,"Four Seasons Holdings Inc. - Holding Account > Four Seasons Holdings Inc. > Four Seasons Hotels and Resorts, Inc. > Four Seasons EU"
0010h00001cxuwbAAA,Four Seasons Hotels and Resorts,0018a00002Gk0hpAAB,0018a00002Gk8cJAAR,Four Seasons Holdings Inc. - Holding Account,3,"Four Seasons Holdings Inc. - Holding Account > Four Seasons Holdings Inc. > Four Seasons Hotels and Resorts, Inc. > Four Seasons Hotels and Resorts"
0018a00001tETwlAAG,Government of Ontario,,0018a00001tETwlAAG,Government of Ontario,0,Government of Ontario
001E000001ds8r0IAA,LCBO,0018a00001tETwlAAG,0018a00001tETwlAAG,Government of Ontario,1,Government of Ontario > LCBO
0010L00001jTdQ9QAK,Ontario Northland Transportation Commission,0018a00001tETwlAAG,0018a00001tETwlAAG,Government of Ontario,1,Government of Ontario > Ontario Northland Transportation Commission
001E000001KRoufIAD,Ontario Power Generation,0018a00001tETwlAAG,0018a00001tETwlAAG,Government of Ontario,1,Government of Ontario > Ontario Power Generation
0018a00002GkJ79AAF,Supply Ontario,0018a00001tETwlAAG,0018a00001tETwlAAG,Government of Ontario,1,Government of Ontario > Supply Ontario
001E000001ds8r9IAA,The Niagara Parks Commission,0018a00001tETwlAAG,0018a00001tETwlAAG,Government of Ontario,1,Government of Ontario > The Niagara Parks Commission
001E000001EAWj9IAH,Wsib,0018a00001tETwlAAG,0018a00001tETwlAAG,Government of Ontario,1,Government of Ontario > Wsib
0018a00001tEVkEAAW,Great Canadian Entertainment,,0018a00001tEVkEAAW,Great Canadian Entertainment,0,Great Canadian Entertainment
001Mm00000FVxfuIAD,Casino Ajax & Ajax Downs,0018a00001tEVkEAAW,0018a00001tEVkEAAW,Great Canadian Entertainment,1,Great Canadian Entertainment > Casino Ajax & Ajax Downs
001Mm00000FVy7JIAT,Casino Nanaimo,0018a00001tEVkEAAW,0018a00001tEVkEAAW,Great Canadian Entertainment,1,Great Canadian Entertainment > Casino Nanaimo
001Mm00000FVwLeIAL,Chances Dawson Creek,0018a00001tEVkEAAW,0018a00001tEVkEAAW,Great Canadian Entertainment,1,Great Canadian Entertainment > Chances Dawson Creek
001Mm00000FVyDlIAL,Chances Maple Ridge,0018a00001tEVkEAAW,0018a00001tEVkEAAW,Great Canadian Entertainment,1,Great Canadian Entertainment > Chances Maple Ridge
001Mm00000FVxhVIAT,Elements Casino,0018a00001tEVkEAAW,0018a00001tEVkEAAW,Great Canadian Entertainment,1,Great Canadian Entertainment > Elements Casino
001Mm00000FVzkvIAD,Georgian Downs,0018a00001tEVkEAAW,0018a00001tEVkEAAW,Great Canadian Entertainment,1,Great Canadian Entertainment > Georgian Downs
0018a00001tEUwWAAW,Great Blue Heron Casino,0018a00001tEVkEAAW,0018a00001tEVkEAAW,Great Canadian Entertainment,1,Great Canadian Entertainment > Great Blue Heron Casino
001Mm00000FVyk1IAD,Great Canadian Casino Resort Toronto,0018a00001tEVkEAAW,0018a00001tEVkEAAW,Great Canadian Entertainment,1,Great Canadian Entertainment > Great Canadian Casino Resort Toronto
001Mm00000FVxzFIAT,Hastings Racecourse & Casino,0018a00001tEVkEAAW,0018a00001tEVkEAAW,Great Canadian Entertainment,1,Great Canadian Entertainment > Hastings Racecourse & Casino
001Mm00000FVwVOIA1,Pickering Casino Resort,0018a00001tEVkEAAW,0018a00001tEVkEAAW,Great Canadian Entertainment,1,Great Canadian Entertainment > Pickering Casino Resort
001Mm00000FVxuPIAT,River Rock Casino Resort,0018a00001tEVkEAAW,0018a00001tEVkEAAW,Great Canadian Entertainment,1,Great Canadian Entertainment > River Rock Casino Resort
001Mm00000FVrdjIAD,Shorelines Casinos,0018a00001tEVkEAAW,0018a00001tEVkEAAW,Great Canadian Entertainment,1,Great Canadian Entertainment > Shorelines Casinos
001Mm00000FpfOWIAZ,Gruber Power Equipment,,001Mm00000FpfOWIAZ,Gruber Power Equipment,0,Gruber Power Equipment
0010h00001cxuwBAAQ,HUBER Packaging Group GmbH,,0010h00001cxuwBAAQ,HUBER Packaging Group GmbH,0,HUBER Packaging Group GmbH
0010h00001cxtnIAAQ,HUBER+SUHNER GmbH,,0010h00001cxtnIAAQ,HUBER+SUHNER GmbH,0,HUBER+SUHNER GmbH
0010L00001kYUeKQAW,Huber Engineered Material,,0010L00001kYUeKQAW,Huber Engineered Material,0,Huber Engineered Material
0010L00001kY3yPQAS,Huber Engineered Woods LLC,,0010L00001kY3yPQAS,Huber Engineered Woods LLC,0,Huber Engineered Woods LLC
0010h00001cxtmZAAQ,Huber+Suhner,,0010h00001cxtmZAAQ,Huber+Suhner,0,Huber+Suhner
0010L00001jTSsSQAW,"Inventus Power, Inc.",,0010L00001jTSsSQAW,"Inventus Power, Inc.",0,"Inventus Power, Inc."
0010L00001jTdHvQAK,"Nexergy Tauber, LLC",0010L00001jTSsSQAW,0010L00001jTSsSQAW,"Inventus Power, Inc.",1,"Inventus Power, Inc. > Nexergy Tauber, LLC"
0010h00001azPyvAAE,J.M. Huber Corporation,,0010h00001azPyvAAE,J.M. Huber Corporation,0,J.M. Huber Corporation
0018a000026ghnhAAA,JC Bamford Excavators Ltd,,0018a000026ghnhAAA,JC Bamford Excavators Ltd,0,JC Bamford Excavators Ltd
0010h00001j74OaAAI,Legends,,0010h00001j74OaAAI,Legends,0,Legends
0018a000020rAcxAAE,ASM Global,0010h00001j74OaAAI,0010h00001j74OaAAI,Legends,1,Legends > ASM Global
0018a00001tETRSAA4,Legends Hospitality,,0018a00001tETRSAA4,Legends Hospitality,0,Legends Hospitality
001E000000F1oMeIAJ,Lululemon Athletica inc.,,001E000000F1oMeIAJ,Lululemon Athletica inc.,0,Lululemon Athletica inc.
001E000000ShhHGIAZ,MGM Resorts International,,001E000000ShhHGIAZ,MGM Resorts International,0,MGM Resorts International
001E000000ShibEIAR,Beau Rivage Resort & Casino,001E000000ShhHGIAZ,001E000000ShhHGIAZ,MGM Resorts International,1,MGM Resorts International > Beau Rivage Resort & Casino
0018a00001tEW4sAAG,Bellagio,001E000000ShhHGIAZ,001E000000ShhHGIAZ,MGM Resorts International,1,MGM Resorts International > Bellagio
0010h00001cDPVdAAO,Borgata Hotel Casino & Spa,001E000000ShhHGIAZ,001E000000ShhHGIAZ,MGM Resorts International,1,MGM Resorts International > Borgata Hotel Casino & Spa
001E000000ShhFyIAJ,Empire City Casino,001E000000ShhHGIAZ,001E000000ShhHGIAZ,MGM Resorts International,1,MGM Resorts International > Empire City Casino
0018a00001tEW4mAAG,Luxor Hotel & Casino,001E000000ShhHGIAZ,001E000000ShhHGIAZ,MGM Resorts International,1,MGM Resorts International > Luxor Hotel & Casino
001E000000ShhLvIAJ,MGM Grand Detroit,001E000000ShhHGIAZ,001E000000ShhHGIAZ,MGM Resorts International,1,MGM Resorts International > MGM Grand Detroit
001E000000ShhLwIAJ,MGM Grand Hotel & Casino Las Vegas,001E000000ShhHGIAZ,001E000000ShhHGIAZ,MGM Resorts International,1,MGM Resorts International > MGM Grand Hotel & Casino Las Vegas
0018a00001tEUyXAAW,MGM Hotel at Borgata,001E000000ShhHGIAZ,001E000000ShhHGIAZ,MGM Resorts International,1,MGM Resorts International > MGM Hotel at Borgata
001Mm00000MKUs1IAH,MGM MIRAGE Design Group,001E000000ShhHGIAZ,001E000000ShhHGIAZ,MGM Resorts International,1,MGM Resorts International > MGM MIRAGE Design Group
0018a00001tEUARAA4,MGM National Harbor,001E000000ShhHGIAZ,001E000000ShhHGIAZ,MGM Resorts International,1,MGM Resorts International > MGM National Harbor
0018a00001tEUliAAG,MGM Resorts,001E000000ShhHGIAZ,001E000000ShhHGIAZ,MGM Resorts International,1,MGM Resorts International > MGM Resorts
0018a00002Gk0kXAAR,"MGM Resorts Mississippi, Inc.",001E000000ShhHGIAZ,001E000000ShhHGIAZ,MGM Resorts International,1,"MGM Resorts International > MGM Resorts Mississippi, Inc."
0018a00001tEUGqAAO,MGM Springfield,001E000000ShhHGIAZ,001E000000ShhHGIAZ,MGM Resorts International,1,MGM Resorts International > MGM Springfield
0018a00001tEVruAAG,Mandalay Bay Resort & Casino,001E000000ShhHGIAZ,001E000000ShhHGIAZ,MGM Resorts International,1,MGM Resorts International > Mandalay Bay Resort & Casino
001E000000ShhLrIAJ,Mandalay Resort Group,001E000000ShhHGIAZ,001E000000ShhHGIAZ,MGM Resorts International,1,MGM Resorts International > Mandalay Resort Group
001E000000ShhLxIAJ,"Mirage Resorts, Incorporated",001E000000ShhHGIAZ,001E000000ShhHGIAZ,MGM Resorts International,1,"MGM Resorts International > Mirage Resorts, Incorporated"
001E000000ShhLyIAJ,Monte Carlo Resort & Casino,001E000000ShhHGIAZ,001E000000ShhHGIAZ,MGM Resorts International,1,MGM Resorts International > Monte Carlo Resort & Casino
001E000000ShhM0IAJ,"New York - New York Hotel & Casino, LLC",001E000000ShhHGIAZ,001E000000ShhHGIAZ,MGM Resorts International,1,"MGM Resorts International > New York - New York Hotel & Casino, LLC"
0018a00001tEScZAAW,The Cosmopolitan of Las Vegas,001E000000ShhHGIAZ,001E000000ShhHGIAZ,MGM Resorts International,1,MGM Resorts International > The Cosmopolitan of Las Vegas
001Mm00000To4hFIAR,48th and Crepe,001E000000ShhM0IAJ,001E000000ShhHGIAZ,MGM Resorts International,2,"MGM Resorts International > New York - New York Hotel & Casino, LLC > 48th and Crepe"
001Mm00000MKUs0IAH,MAC Corp.,001E000000ShhLxIAJ,001E000000ShhHGIAZ,MGM Resorts International,2,"MGM Resorts International > Mirage Resorts, Incorporated > MAC Corp."
0010L00001jTdFJQA0,New Castle Corp.,001E000000ShhLrIAJ,001E000000ShhHGIAZ,MGM Resorts International,2,MGM Resorts International > Mandalay Resort Group > New Castle Corp.
001Mm00000ORu0NIAT,Ocean Casino Resort,0018a00001tEW4mAAG,001E000000ShhHGIAZ,MGM Resorts International,2,MGM Resorts International > Luxor Hotel & Casino > Ocean Casino Resort
001E000000ShibHIAR,"Ramparts, Inc.",001E000000ShhLrIAJ,001E000000ShhHGIAZ,MGM Resorts International,2,"MGM Resorts International > Mandalay Resort Group > Ramparts, Inc."
001E000000ShhM8IAJ,The Mirage Casino-Hotel,001E000000ShhLxIAJ,001E000000ShhHGIAZ,MGM Resorts International,2,"MGM Resorts International > Mirage Resorts, Incorporated > The Mirage Casino-Hotel"
001Mm00000MKUs2IAH,"Marina District Development Holding Co., LLC",001Mm00000MKUs0IAH,001E000000ShhHGIAZ,MGM Resorts International,3,"MGM Resorts International > Mirage Resorts, Incorporated > MAC Corp. > Marina District Development Holding Co., LLC"
001E000000ShhHAIAZ,"Marina District Development Company, LLC",001Mm00000MKUs2IAH,001E000000ShhHGIAZ,MGM Resorts International,4,"MGM Resorts International > Mirage Resorts, Incorporated > MAC Corp. > Marina District Development Holding Co., LLC > Marina District Development Company, LLC"
0010L00001iVyimQAC,MTY Food Group Inc.,,0010L00001iVyimQAC,MTY Food Group Inc.,0,MTY Food Group Inc.
0018a00001tEUdLAAW,Baja Fresh,0010L00001iVyimQAC,0010L00001iVyimQAC,MTY Food Group Inc.,1,MTY Food Group Inc. > Baja Fresh
001Mm00000Hvvm9IAB,Blimpie,0010L00001iVyimQAC,0010L00001iVyimQAC,MTY Food Group Inc.,1,MTY Food Group Inc. > Blimpie
001Mm00000Hr8IdIAJ,Cold Stone Creamery,0010L00001iVyimQAC,0010L00001iVyimQAC,MTY Food Group Inc.,1,MTY Food Group Inc. > Cold Stone Creamery
001Mm00000MKRibIAH,Imvescor Restaurant Group Inc,0010L00001iVyimQAC,0010L00001iVyimQAC,MTY Food Group Inc.,1,MTY Food Group Inc. > Imvescor Restaurant Group Inc
001Mm00000MKRicIAH,"MTY Tiki Ming Enterprises, Inc.",0010L00001iVyimQAC,0010L00001iVyimQAC,MTY Food Group Inc.,1,"MTY Food Group Inc. > MTY Tiki Ming Enterprises, Inc."
001Mm00000HeHbTIAV,Manchu Wok,0010L00001iVyimQAC,0010L00001iVyimQAC,MTY Food Group Inc.,1,MTY Food Group Inc. > Manchu Wok
001E000001hJYBvIAO,Papa Murphy's International,0010L00001iVyimQAC,0010L00001iVyimQAC,MTY Food Group Inc.,1,MTY Food Group Inc. > Papa Murphy's International
0018a00001tEVacAAG,Pizza Delight,0010L00001iVyimQAC,0010L00001iVyimQAC,MTY Food Group Inc.,1,MTY Food Group Inc. > Pizza Delight
0018a00001tEUeeAAG,Taco Time,0010L00001iVyimQAC,0010L00001iVyimQAC,MTY Food Group Inc.,1,MTY Food Group Inc. > Taco Time
001Mm00000I4dlBIAR,Thai Express,0010L00001iVyimQAC,0010L00001iVyimQAC,MTY Food Group Inc.,1,MTY Food Group Inc. > Thai Express
001Mm00000I4bhlIAB,Toujours Mikes,0010L00001iVyimQAC,0010L00001iVyimQAC,MTY Food Group Inc.,1,MTY Food Group Inc. > Toujours Mikes
0010L00001jTaLoQAK,Turtle Jack's Restaurant Inc,0010L00001iVyimQAC,0010L00001iVyimQAC,MTY Food Group Inc.,1,MTY Food Group Inc. > Turtle Jack's Restaurant Inc
0018a00001tEUXnAAO,Wetzel's Pretzels,0010L00001iVyimQAC,0010L00001iVyimQAC,MTY Food Group Inc.,1,MTY Food Group Inc. > Wetzel's Pretzels
0018a00001tEVELAA4,Ben & Florentine Restaurants,001Mm00000MKRibIAH,0010L00001iVyimQAC,MTY Food Group Inc.,2,MTY Food Group Inc. > Imvescor Restaurant Group Inc > Ben & Florentine Restaurants
0018a00001tEUyUAAW,MR.SUB,001Mm00000MKRicIAH,0010L00001iVyimQAC,MTY Food Group Inc.,2,"MTY Food Group Inc. > MTY Tiki Ming Enterprises, Inc. > MR.SUB"
001Mm00000TXC3JIAX,Meta Platforms Inc.,,001Mm00000TXC3JIAX,Meta Platforms Inc.,0,Meta Platforms Inc.
0018a00002MUqPeAAL,Droppii,001Mm00000TXC3JIAX,001Mm00000TXC3JIAX,Meta Platforms Inc.,1,Meta Platforms Inc. > Droppii
001Mm00000bmJklIAE,Neo Financial,,001Mm00000bmJklIAE,Neo Financial,0,Neo Financial
001E000001Ey1RlIAJ,Neuberger Berman,,001E000001Ey1RlIAJ,Neuberger Berman,0,Neuberger Berman
0010L00001jTdExQAK,Neuberger Berman Management LLC,,0010L00001jTdExQAK,Neuberger Berman Management LLC,0,Neuberger Berman Management LLC
0010L00001jTco4QAC,Lehman Brothers Core Bond Fund,0010L00001jTdExQAK,0010L00001jTdExQAK,Neuberger Berman Management LLC,1,Neuberger Berman Management LLC > Lehman Brothers Core Bond Fund
0010h00001dvZJ6AAM,New Balance - Holding Account,,0010h00001dvZJ6AAM,New Balance - Holding Account,0,New Balance - Holding Account
0010L00001pCGmLQAW,"New Balance Athletics, Inc.",0010h00001dvZJ6AAM,0010h00001dvZJ6AAM,New Balance - Holding Account,1,"New Balance - Holding Account > New Balance Athletics, Inc."
001E000000DxqLoIAJ,Nike,,001E000000DxqLoIAJ,Nike,0,Nike
0010L00001rEuUBQA0,Converse,001E000000DxqLoIAJ,001E000000DxqLoIAJ,Nike,1,Nike > Converse
0010h00001aAKlJAAW,NIKE Netherlands,001E000000DxqLoIAJ,001E000000DxqLoIAJ,Nike,1,Nike > NIKE Netherlands
001Mm00000DLd91IAD,Nike UK Holding B.V.,001E000000DxqLoIAJ,001E000000DxqLoIAJ,Nike,1,Nike > Nike UK Holding B.V.
001Mm00000MKJUWIA5,Pacific Island Restaurants Inc,,001Mm00000MKJUWIA5,Pacific Island Restaurants Inc,0,Pacific Island Restaurants Inc
0010L00001jTaK9QAK,"TD Food Group, Inc.",001Mm00000MKJUWIA5,001Mm00000MKJUWIA5,Pacific Island Restaurants Inc,1,"Pacific Island Restaurants Inc > TD Food Group, Inc."
0010L00001jTaWwQAK,Aloha Taco Inc,0010L00001jTaK9QAK,001Mm00000MKJUWIA5,Pacific Island Restaurants Inc,2,"Pacific Island Restaurants Inc > TD Food Group, Inc. > Aloha Taco Inc"
0010L00001jTcMNQA0,"Hawaii Pizza Hut, Inc",0010L00001jTaK9QAK,001Mm00000MKJUWIA5,Pacific Island Restaurants Inc,2,"Pacific Island Restaurants Inc > TD Food Group, Inc. > Hawaii Pizza Hut, Inc"
0010h00001aBGoTAAW,Ralph Lauren,,0010h00001aBGoTAAW,Ralph Lauren,0,Ralph Lauren
001E000000F1oJ5IAJ,"Fashions Outlet Of America, Inc.",0010h00001aBGoTAAW,0010h00001aBGoTAAW,Ralph Lauren,1,"Ralph Lauren > Fashions Outlet Of America, Inc."
0010L00001jTSqAQAW,"Lauren Engineers & Constructors, Inc.",0010h00001aBGoTAAW,0010h00001aBGoTAAW,Ralph Lauren,1,"Ralph Lauren > Lauren Engineers & Constructors, Inc."
001E00000176fAdIAI,Ralph Lauren Corporation UK,0010h00001aBGoTAAW,0010h00001aBGoTAAW,Ralph Lauren,1,Ralph Lauren > Ralph Lauren Corporation UK
0010L00001jTdyFQAS,Services Kamtech Inc,0010L00001jTSqAQAW,0010h00001aBGoTAAW,Ralph Lauren,2,"Ralph Lauren > Lauren Engineers & Constructors, Inc. > Services Kamtech Inc"
0010h00001ZnekWAAR,Schlegel Villages,,0010h00001ZnekWAAR,Schlegel Villages,0,Schlegel Villages
001Mm00000F1y4jIAB,Sodexo SA,,001Mm00000F1y4jIAB,Sodexo SA,0,Sodexo SA
0010h00001cyN0WAAU,Food-X,001Mm00000F1y4jIAB,001Mm00000F1y4jIAB,Sodexo SA,1,Sodexo SA > Food-X
0010L00001jTRCKQA4,Sodexo (US),001Mm00000F1y4jIAB,001Mm00000F1y4jIAB,Sodexo SA,1,Sodexo SA > Sodexo (US)
0010L00001jTRnKQAW,"Centerplate, Inc.",0010L00001jTRCKQA4,001Mm00000F1y4jIAB,Sodexo SA,2,"Sodexo SA > Sodexo (US) > Centerplate, Inc."
0010L00001kUuF9QAK,"Corporate Food Services, Inc.",0010L00001jTRCKQA4,001Mm00000F1y4jIAB,Sodexo SA,2,"Sodexo SA > Sodexo (US) > Corporate Food Services, Inc."
0010L00001kUuATQA0,"Sodexo America, LLC",0010L00001jTRCKQA4,001Mm00000F1y4jIAB,Sodexo SA,2,"Sodexo SA > Sodexo (US) > Sodexo America, LLC"
0010h00001Xy6cPAAR,Sodexo Australia,0010L00001jTRCKQA4,001Mm00000F1y4jIAB,Sodexo SA,2,Sodexo SA > Sodexo (US) > Sodexo Australia
001E000001DVRP5IAP,Sodexo Brazil,0010L00001jTRCKQA4,001Mm00000F1y4jIAB,Sodexo SA,2,Sodexo SA > Sodexo (US) > Sodexo Brazil
0018a00002Gk0mzAAB,Sodexo Canada Inc.,0010L00001jTRCKQA4,001Mm00000F1y4jIAB,Sodexo SA,2,Sodexo SA > Sodexo (US) > Sodexo Canada Inc.
0010L00001jTTwZQAW,Sodexo Canada Ltd,0010L00001jTRCKQA4,001Mm00000F1y4jIAB,Sodexo SA,2,Sodexo SA > Sodexo (US) > Sodexo Canada Ltd
0010L00001jTe2rQAC,Sodexo Remote Sites Partnership,0010L00001jTRCKQA4,001Mm00000F1y4jIAB,Sodexo SA,2,Sodexo SA > Sodexo (US) > Sodexo Remote Sites Partnership
0010L00001jTUZ6QAO,The Wood Company,0010L00001jTRCKQA4,001Mm00000F1y4jIAB,Sodexo SA,2,Sodexo SA > Sodexo (US) > The Wood Company
0010L00001jTapLQAS,Boston Culinary Group,0010L00001jTRnKQAW,001Mm00000F1y4jIAB,Sodexo SA,3,"Sodexo SA > Sodexo (US) > Centerplate, Inc. > Boston Culinary Group"
0010L00001kUuJZQA0,Smo Finance Corp.,0010L00001kUuATQA0,001Mm00000F1y4jIAB,Sodexo SA,3,"Sodexo SA > Sodexo (US) > Sodexo America, LLC > Smo Finance Corp."
0010L00001jTRqnQAG,Sodexo Québec Limitée,0010L00001jTTwZQAW,001Mm00000F1y4jIAB,Sodexo SA,3,Sodexo SA > Sodexo (US) > Sodexo Canada Ltd > Sodexo Québec Limitée
0010L00001kUuFAQA0,Sodexo Services of TX Ltd Partnership,0010L00001kUuF9QAK,001Mm00000F1y4jIAB,Sodexo SA,3,"Sodexo SA > Sodexo (US) > Corporate Food Services, Inc. > Sodexo Services of TX Ltd Partnership"
001E000000TKKCqIAP,"Volume Services, Inc.",0010L00001jTRnKQAW,001Mm00000F1y4jIAB,Sodexo SA,3,"Sodexo SA > Sodexo (US) > Centerplate, Inc. > Volume Services, Inc."
001E000000TKJAtIAP,Starbucks Coffee Company,,001E000000TKJAtIAP,Starbucks Coffee Company,0,Starbucks Coffee Company
0010L00001jTbPWQA0,Coffee Partners Hawaii,001E000000TKJAtIAP,001E000000TKJAtIAP,Starbucks Coffee Company,1,Starbucks Coffee Company > Coffee Partners Hawaii
0010L00001jTdweQAC,Seattle Coffee Company,001E000000TKJAtIAP,001E000000TKJAtIAP,Starbucks Coffee Company,1,Starbucks Coffee Company > Seattle Coffee Company
001E000000TKKDSIA5,Starbucks Canada,001E000000TKJAtIAP,001E000000TKJAtIAP,Starbucks Coffee Company,1,Starbucks Coffee Company > Starbucks Canada
0010h00001cxuNhAAI,Starbucks Coffee Co. (UK) Ltd.,001E000000TKJAtIAP,001E000000TKJAtIAP,Starbucks Coffee Company,1,Starbucks Coffee Company > Starbucks Coffee Co. (UK) Ltd.
001E000000F1oB7IAJ,"Teavana Holdings, Inc.",001E000000TKJAtIAP,001E000000TKJAtIAP,Starbucks Coffee Company,1,"Starbucks Coffee Company > Teavana Holdings, Inc."
0010L00001jTeO2QAK,The New French Bakery Inc,001E000000TKJAtIAP,001E000000TKJAtIAP,Starbucks Coffee Company,1,Starbucks Coffee Company > The New French Bakery Inc
0010L00001kUtkZQAS,Teavana Corporation,001E000000F1oB7IAJ,001E000000TKJAtIAP,Starbucks Coffee Company,2,"Starbucks Coffee Company > Teavana Holdings, Inc. > Teavana Corporation"
001E000001A9CGxIAN,Subway,,001E000001A9CGxIAN,Subway,0,Subway
0018a00002FJ2WvAAL,Subway Europe,001E000001A9CGxIAN,001E000001A9CGxIAN,Subway,1,Subway > Subway Europe
001E000000GPs5fIAD,The Coca-Cola Company,,001E000000GPs5fIAD,The Coca-Cola Company,0,The Coca-Cola Company
001E000001KTP8XIAX,Abarta Coca-Cola,001E000000GPs5fIAD,001E000000GPs5fIAD,The Coca-Cola Company,1,The Coca-Cola Company > Abarta Coca-Cola
0010L00001kVBKPQA4,Arca Continental,001E000000GPs5fIAD,001E000000GPs5fIAD,The Coca-Cola Company,1,The Coca-Cola Company > Arca Continental
001E000001KTWWnIAP,Bepensa Coca-Cola,001E000000GPs5fIAD,001E000000GPs5fIAD,The Coca-Cola Company,1,The Coca-Cola Company > Bepensa Coca-Cola
001E000001KTPYLIA5,Coca Cola Puerto Rico Bottlers,001E000000GPs5fIAD,001E000000GPs5fIAD,The Coca-Cola Company,1,The Coca-Cola Company > Coca Cola Puerto Rico Bottlers
0010L00001masxMQAQ,Coca-Cola - Uberlândia Refrescos,001E000000GPs5fIAD,001E000000GPs5fIAD,The Coca-Cola Company,1,The Coca-Cola Company > Coca-Cola - Uberlândia Refrescos
001E000000eRyQ3IAK,Coca-Cola Amatil,001E000000GPs5fIAD,001E000000GPs5fIAD,The Coca-Cola Company,1,The Coca-Cola Company > Coca-Cola Amatil
0010h00001YYuSdAAL,Coca-Cola Arena,001E000000GPs5fIAD,001E000000GPs5fIAD,The Coca-Cola Company,1,The Coca-Cola Company > Coca-Cola Arena
001E000001KTWVfIAP,"Coca-Cola Bottling Company United, Inc.",001E000000GPs5fIAD,001E000000GPs5fIAD,The Coca-Cola Company,1,"The Coca-Cola Company > Coca-Cola Bottling Company United, Inc."
001E000001KTWSLIA5,Coca-Cola Consolidated,001E000000GPs5fIAD,001E000000GPs5fIAD,The Coca-Cola Company,1,The Coca-Cola Company > Coca-Cola Consolidated
001E000001KTPFTIA5,Coca-Cola Enterprises,001E000000GPs5fIAD,001E000000GPs5fIAD,The Coca-Cola Company,1,The Coca-Cola Company > Coca-Cola Enterprises
001E000000i2DCPIA2,Coca-Cola Refreshments Canada Company,001E000000GPs5fIAD,001E000000GPs5fIAD,The Coca-Cola Company,1,The Coca-Cola Company > Coca-Cola Refreshments Canada Company
0010L00001jTRDqQAO,"Coca-Cola Refreshments USA, Inc",001E000000GPs5fIAD,001E000000GPs5fIAD,The Coca-Cola Company,1,"The Coca-Cola Company > Coca-Cola Refreshments USA, Inc"
0010h00001jWKREAA4,Coke Canada,001E000000GPs5fIAD,001E000000GPs5fIAD,The Coca-Cola Company,1,The Coca-Cola Company > Coke Canada
001E000001KTPJpIAP,Femsa Coca-Cola,001E000000GPs5fIAD,001E000000GPs5fIAD,The Coca-Cola Company,1,The Coca-Cola Company > Femsa Coca-Cola
001E000001KTP5JIAX,Great Plains Coca-Cola,001E000000GPs5fIAD,001E000000GPs5fIAD,The Coca-Cola Company,1,The Coca-Cola Company > Great Plains Coca-Cola
001E000001KTPNDIA5,Iberian Partners Coca-Cola,001E000000GPs5fIAD,001E000000GPs5fIAD,The Coca-Cola Company,1,The Coca-Cola Company > Iberian Partners Coca-Cola
0010L00001jTVIwQAO,"Odwalla, Inc.",001E000000GPs5fIAD,001E000000GPs5fIAD,The Coca-Cola Company,1,"The Coca-Cola Company > Odwalla, Inc."
0010L00001kV1QvQAK,Rica Coca-Cola,001E000000GPs5fIAD,001E000000GPs5fIAD,The Coca-Cola Company,1,The Coca-Cola Company > Rica Coca-Cola
001E000001A6vwpIAB,SAB Miller PLC,001E000000GPs5fIAD,001E000000GPs5fIAD,The Coca-Cola Company,1,The Coca-Cola Company > SAB Miller PLC
001E000001KTP9kIAH,Swire Coca-Cola,001E000000GPs5fIAD,001E000000GPs5fIAD,The Coca-Cola Company,1,The Coca-Cola Company > Swire Coca-Cola
001E000001JHW85IAH,The Coca-cola export corporation Middle East and North Africa BU,001E000000GPs5fIAD,001E000000GPs5fIAD,The Coca-Cola Company,1,The Coca-Cola Company > The Coca-cola export corporation Middle East and North Africa BU
0010L00001jTeOTQA0,The Philadelphia Coca-Cola Bottling Company,001E000000GPs5fIAD,001E000000GPs5fIAD,The Coca-Cola Company,1,The Coca-Cola Company > The Philadelphia Coca-Cola Bottling Company
0010L00001jTW7hQAG,Austin Coca-Cola Bottling Company,0010L00001jTRDqQAO,001E000000GPs5fIAD,The Coca-Cola Company,2,"The Coca-Cola Company > Coca-Cola Refreshments USA, Inc > Austin Coca-Cola Bottling Company"
0010L00001jTTJAQA4,BCI Coca-Cola Bottling Company Of Los Angeles,0010L00001jTRDqQAO,001E000000GPs5fIAD,The Coca-Cola Company,2,"The Coca-Cola Company > Coca-Cola Refreshments USA, Inc > BCI Coca-Cola Bottling Company Of Los Angeles"
0010L00001jTSqlQAG,"CENTRAL COCA-COLA BOTTLING COMPANY, INC.",0010L00001jTRDqQAO,001E000000GPs5fIAD,The Coca-Cola Company,2,"The Coca-Cola Company > Coca-Cola Refreshments USA, Inc > CENTRAL COCA-COLA BOTTLING COMPANY, INC."
0010L00001jTSWPQA4,"Ccbcc Operations, Llc",001E000001KTWSLIA5,001E000000GPs5fIAD,The Coca-Cola Company,2,"The Coca-Cola Company > Coca-Cola Consolidated > Ccbcc Operations, Llc"
0010L00001jTbPLQA0,"Coca-Cola Beverages Florida, LLC",0010L00001jTRDqQAO,001E000000GPs5fIAD,The Coca-Cola Company,2,"The Coca-Cola Company > Coca-Cola Refreshments USA, Inc > Coca-Cola Beverages Florida, LLC"
0018a00001tEW1FAAW,Coke Canada Bottling,0010L00001jTRDqQAO,001E000000GPs5fIAD,The Coca-Cola Company,2,"The Coca-Cola Company > Coca-Cola Refreshments USA, Inc > Coke Canada Bottling"
0018a00001mVjhqAAC,Costa Coffee,0010L00001jTRDqQAO,001E000000GPs5fIAD,The Coca-Cola Company,2,"The Coca-Cola Company > Coca-Cola Refreshments USA, Inc > Costa Coffee"
0010L00001jTSUrQAO,Florida Coca-Cola Bottling Company,0010L00001jTRDqQAO,001E000000GPs5fIAD,The Coca-Cola Company,2,"The Coca-Cola Company > Coca-Cola Refreshments USA, Inc > Florida Coca-Cola Bottling Company"
0010L00001jTcGsQAK,"Great Lakes Coca-Cola Distribution, LLC",0010L00001jTRDqQAO,001E000000GPs5fIAD,The Coca-Cola Company,2,"The Coca-Cola Company > Coca-Cola Refreshments USA, Inc > Great Lakes Coca-Cola Distribution, LLC"
0010L00001kY6bdQAC,Liberty Coca-Cola Beverages,0010L00001jTRDqQAO,001E000000GPs5fIAD,The Coca-Cola Company,2,"The Coca-Cola Company > Coca-Cola Refreshments USA, Inc > Liberty Coca-Cola Beverages"
0010L00001jTdZCQA0,Piedmont Coca-Cola Bottling Partnership,001E000001KTWSLIA5,001E000000GPs5fIAD,The Coca-Cola Company,2,The Coca-Cola Company > Coca-Cola Consolidated > Piedmont Coca-Cola Bottling Partnership
0010L00001jTXJ0QAO,Rochester Coca Cola Bottling Corp,0010L00001jTRDqQAO,001E000000GPs5fIAD,The Coca-Cola Company,2,"The Coca-Cola Company > Coca-Cola Refreshments USA, Inc > Rochester Coca Cola Bottling Corp"
0010L00001jTWCdQAO,The Akron Coca-Cola Bottling Company,0010L00001jTRDqQAO,001E000000GPs5fIAD,The Coca-Cola Company,2,"The Coca-Cola Company > Coca-Cola Refreshments USA, Inc > The Akron Coca-Cola Bottling Company"
0010L00001jTeL1QAK,"The Coca-Cola Bottling Company Of Memphis, Tenn",0010L00001jTRDqQAO,001E000000GPs5fIAD,The Coca-Cola Company,2,"The Coca-Cola Company > Coca-Cola Refreshments USA, Inc > The Coca-Cola Bottling Company Of Memphis, Tenn"
0010L00001jTeNNQA0,The Louisiana Coca-Cola Bottling Company Limited,0010L00001jTRDqQAO,001E000000GPs5fIAD,The Coca-Cola Company,2,"The Coca-Cola Company > Coca-Cola Refreshments USA, Inc > The Louisiana Coca-Cola Bottling Company Limited"
0010L00001jTXWPQA4,The Wichita Coca-Cola Bottling Company,0010L00001jTRDqQAO,001E000000GPs5fIAD,The Coca-Cola Company,2,"The Coca-Cola Company > Coca-Cola Refreshments USA, Inc > The Wichita Coca-Cola Bottling Company"
0010L00001jTWO3QAO,Western Container Corporation,0010L00001jTRDqQAO,001E000000GPs5fIAD,The Coca-Cola Company,2,"The Coca-Cola Company > Coca-Cola Refreshments USA, Inc > Western Container Corporation"
0010L00001jTR8lQAG,The Gap,,0010L00001jTR8lQAG,The Gap,0,The Gap
0010L00001rEWSwQAO,Athleta,0010L00001jTR8lQAG,0010L00001jTR8lQAG,The Gap,1,The Gap > Athleta
001E000001ds8lPIAQ,Banana Republic LLC,0010L00001jTR8lQAG,0010L00001jTR8lQAG,The Gap,1,The Gap > Banana Republic LLC
001E000000F1oMTIAZ,Gap (Canada) Inc,0010L00001jTR8lQAG,0010L00001jTR8lQAG,The Gap,1,The Gap > Gap (Canada) Inc
0010h00001dvZg5AAE,Hill City,0010L00001jTR8lQAG,0010L00001jTR8lQAG,The Gap,1,The Gap > Hill City
0010h00001dvZg0AAE,Intermix,0010L00001jTR8lQAG,0010L00001jTR8lQAG,The Gap,1,The Gap > Intermix
001E000000F1oL9IAJ,Old Navy,0010L00001jTR8lQAG,0010L00001jTR8lQAG,The Gap,1,The Gap > Old Navy
0010h00001j65nLAAQ,The Gap Partnership,,0010h00001j65nLAAQ,The Gap Partnership,0,The Gap Partnership
001E000000k6q2MIAQ,The TJX Companies,,001E000000k6q2MIAQ,The TJX Companies,0,The TJX Companies
0010L00001kUtLZQA0,Avaya Holdings Corp.,001E000000k6q2MIAQ,001E000000k6q2MIAQ,The TJX Companies,1,The TJX Companies > Avaya Holdings Corp.
001E000001duWJPIA2,TJX Canada,001E000000k6q2MIAQ,001E000000k6q2MIAQ,The TJX Companies,1,The TJX Companies > TJX Canada
001E000000CM58zIAD,TJX Europe,001E000000k6q2MIAQ,001E000000k6q2MIAQ,The TJX Companies,1,The TJX Companies > TJX Europe
0010h00001dvZdBAAU,TK Maxx,001E000000k6q2MIAQ,001E000000k6q2MIAQ,The TJX Companies,1,The TJX Companies > TK Maxx
001E000000eSTNtIAO,The Marmaxx Group,001E000000k6q2MIAQ,001E000000k6q2MIAQ,The TJX Companies,1,The TJX Companies > The Marmaxx Group
001Mm00000DLx9tIAD,Tjx Europe Buying (Deutschland) Ltd.,001E000000k6q2MIAQ,001E000000k6q2MIAQ,The TJX Companies,1,The TJX Companies > Tjx Europe Buying (Deutschland) Ltd.
001E000000TJV3eIAH,Avaya Inc.,0010L00001kUtLZQA0,001E000000k6q2MIAQ,The TJX Companies,2,The TJX Companies > Avaya Holdings Corp. > Avaya Inc.
0010L00001kUtB6QAK,TJ Maxx,001E000000eSTNtIAO,001E000000k6q2MIAQ,The TJX Companies,2,The TJX Companies > The Marmaxx Group > TJ Maxx
001E000000F1o8fIAB,"Concord Buying Group, Inc.",0010L00001kUtB6QAK,001E000000k6q2MIAQ,The TJX Companies,3,"The TJX Companies > The Marmaxx Group > TJ Maxx > Concord Buying Group, Inc."
0010h00001dvZcIAAU,HomeSense,0010L00001kUtB6QAK,001E000000k6q2MIAQ,The TJX Companies,3,The TJX Companies > The Marmaxx Group > TJ Maxx > HomeSense
001E000001ds8pMIAQ,"Homegoods, Inc.",0010L00001kUtB6QAK,001E000000k6q2MIAQ,The TJX Companies,3,"The TJX Companies > The Marmaxx Group > TJ Maxx > Homegoods, Inc."
001E000000F1o8hIAB,Marmaxx Operating Corp.,0010L00001kUtB6QAK,001E000000k6q2MIAQ,The TJX Companies,3,The TJX Companies > The Marmaxx Group > TJ Maxx > Marmaxx Operating Corp.
001E000000F1o8iIAB,"Marshalls Of MA, Inc.",0010L00001kUtB6QAK,001E000000k6q2MIAQ,The TJX Companies,3,"The TJX Companies > The Marmaxx Group > TJ Maxx > Marshalls Of MA, Inc."
0010L00001jTUnUQAW,"Sierra Trading Post, Inc.",0010L00001kUtB6QAK,001E000000k6q2MIAQ,The TJX Companies,3,"The TJX Companies > The Marmaxx Group > TJ Maxx > Sierra Trading Post, Inc."
0010L00001kUttXQAS,WMI - 99 Holding Company,0010L00001kUtB6QAK,001E000000k6q2MIAQ,The TJX Companies,3,The TJX Companies > The Marmaxx Group > TJ Maxx > WMI - 99 Holding Company
001E0000019LQSrIAO,The Travel Corporation,,001E0000019LQSrIAO,The Travel Corporation,0,The Travel Corporation
001Mm00000TuTQ2IAN,"Uniworld River Cruises, Inc.",001E0000019LQSrIAO,001E0000019LQSrIAO,The Travel Corporation,1,"The Travel Corporation > Uniworld River Cruises, Inc."
001E000001KRqBCIA1,Uber,,001E000001KRqBCIA1,Uber,0,Uber
001Mm00000MKRyIIAX,Uber Freight LLC,001E000001KRqBCIA1,001E000001KRqBCIA1,Uber,1,Uber > Uber Freight LLC
0010L00001kYHFuQAO,Transplace,001Mm00000MKRyIIAX,001E000001KRqBCIA1,Uber,2,Uber > Uber Freight LLC > Transplace
0010L00001kWf8HQAS,Uber International,,0010L00001kWf8HQAS,Uber International,0,Uber International
001Mm00000eCcX9IAK,Uber technologies limited,,001Mm00000eCcX9IAK,Uber technologies limited,0,Uber technologies limited
0010L00001jRrsgQAC,UberFlip,,0010L00001jRrsgQAC,UberFlip,0,UberFlip
0018a00002FJ7C1AAL,Uberall,,0018a00002FJ7C1AAL,Uberall,0,Uberall
001Mm00000DLvMUIA1,Vestische Caritas - Kliniken GmbH,,001Mm00000DLvMUIA1,Vestische Caritas - Kliniken GmbH,0,Vestische Caritas - Kliniken GmbH
001Mm00000BKShnIAH,Walt Disney Parks and Resorts Merchandise,,001Mm00000BKShnIAH,Walt Disney Parks and Resorts Merchandise,0,Walt Disney Parks and Resorts Merchandise
0010L00001jTRbQQAW,"21st Century Fox America, Inc.",001Mm00000BKShnIAH,001Mm00000BKShnIAH,Walt Disney Parks and Resorts Merchandise,1,"Walt Disney Parks and Resorts Merchandise > 21st Century Fox America, Inc."
0010h00001j70SqAAI,4 Ever Magic Corp. - Disney Consumer Products Central America & Caribbean,001Mm00000BKShnIAH,001Mm00000BKShnIAH,Walt Disney Parks and Resorts Merchandise,1,Walt Disney Parks and Resorts Merchandise > 4 Ever Magic Corp. - Disney Consumer Products Central America & Caribbean
0018a00001tEV7fAAG,DISNEY STORE,001Mm00000BKShnIAH,001Mm00000BKShnIAH,Walt Disney Parks and Resorts Merchandise,1,Walt Disney Parks and Resorts Merchandise > DISNEY STORE
001Mm00000KOX4AIAX,Disney Cruise Line,001Mm00000BKShnIAH,001Mm00000BKShnIAH,Walt Disney Parks and Resorts Merchandise,1,Walt Disney Parks and Resorts Merchandise > Disney Cruise Line
001E000000ShhLUIAZ,Disney Enterprises,001Mm00000BKShnIAH,001Mm00000BKShnIAH,Walt Disney Parks and Resorts Merchandise,1,Walt Disney Parks and Resorts Merchandise > Disney Enterprises
001Mm00000MKLFPIA5,Disney Experiences,001Mm00000BKShnIAH,001Mm00000BKShnIAH,Walt Disney Parks and Resorts Merchandise,1,Walt Disney Parks and Resorts Merchandise > Disney Experiences
001Mm00000BK44PIAT,Disney Institute,001Mm00000BKShnIAH,001Mm00000BKShnIAH,Walt Disney Parks and Resorts Merchandise,1,Walt Disney Parks and Resorts Merchandise > Disney Institute
001Mm00000MKLFQIA5,Disney Media & Entertainment Distribution LLC,001Mm00000BKShnIAH,001Mm00000BKShnIAH,Walt Disney Parks and Resorts Merchandise,1,Walt Disney Parks and Resorts Merchandise > Disney Media & Entertainment Distribution LLC
001E000000ShhLVIAZ,"Disney Regional Entertainment, Inc.",001Mm00000BKShnIAH,001Mm00000BKShnIAH,Walt Disney Parks and Resorts Merchandise,1,"Walt Disney Parks and Resorts Merchandise > Disney Regional Entertainment, Inc."
0010h00001YtctLAAR,Disney Store EMEA,001Mm00000BKShnIAH,001Mm00000BKShnIAH,Walt Disney Parks and Resorts Merchandise,1,Walt Disney Parks and Resorts Merchandise > Disney Store EMEA
0010h00001Xy7fmAAB,Disney+,001Mm00000BKShnIAH,001Mm00000BKShnIAH,Walt Disney Parks and Resorts Merchandise,1,Walt Disney Parks and Resorts Merchandise > Disney+
0010L00001jTbplQAC,Disneyland International,001Mm00000BKShnIAH,001Mm00000BKShnIAH,Walt Disney Parks and Resorts Merchandise,1,Walt Disney Parks and Resorts Merchandise > Disneyland International
0018a00002GkJ61AAF,Disneyland Paris,001Mm00000BKShnIAH,001Mm00000BKShnIAH,Walt Disney Parks and Resorts Merchandise,1,Walt Disney Parks and Resorts Merchandise > Disneyland Paris
0018a00001tEVgkAAG,Disneyland Resort,001Mm00000BKShnIAH,001Mm00000BKShnIAH,Walt Disney Parks and Resorts Merchandise,1,Walt Disney Parks and Resorts Merchandise > Disneyland Resort
0010L00001jTSflQAG,"Espn, Inc.",001Mm00000BKShnIAH,001Mm00000BKShnIAH,Walt Disney Parks and Resorts Merchandise,1,"Walt Disney Parks and Resorts Merchandise > Espn, Inc."
001Mm00000DV1nmIAD,Euro Disney SCA,001Mm00000BKShnIAH,001Mm00000BKShnIAH,Walt Disney Parks and Resorts Merchandise,1,Walt Disney Parks and Resorts Merchandise > Euro Disney SCA
001Mm00000MKLFOIA5,"Fox Entertainment Group, Inc.",001Mm00000BKShnIAH,001Mm00000BKShnIAH,Walt Disney Parks and Resorts Merchandise,1,"Walt Disney Parks and Resorts Merchandise > Fox Entertainment Group, Inc."
001E000000F1oLVIAZ,"Hoop Retail Stores, LLC, A Delaware Limited Liability Company",001Mm00000BKShnIAH,001Mm00000BKShnIAH,Walt Disney Parks and Resorts Merchandise,1,"Walt Disney Parks and Resorts Merchandise > Hoop Retail Stores, LLC, A Delaware Limited Liability Company"
001Mm00000MKLFNIA5,Lucasfilm Ltd.,001Mm00000BKShnIAH,001Mm00000BKShnIAH,Walt Disney Parks and Resorts Merchandise,1,Walt Disney Parks and Resorts Merchandise > Lucasfilm Ltd.
0010h00001YZ3hvAAD,Marvel Entertainment,001Mm00000BKShnIAH,001Mm00000BKShnIAH,Walt Disney Parks and Resorts Merchandise,1,Walt Disney Parks and Resorts Merchandise > Marvel Entertainment
001Mm00000DM2U6IAL,The Disney Store Ltd. - UK,001Mm00000BKShnIAH,001Mm00000BKShnIAH,Walt Disney Parks and Resorts Merchandise,1,Walt Disney Parks and Resorts Merchandise > The Disney Store Ltd. - UK
001Mm00000DLszvIAD,The Walt Disney Co. Limited,001Mm00000BKShnIAH,001Mm00000BKShnIAH,Walt Disney Parks and Resorts Merchandise,1,Walt Disney Parks and Resorts Merchandise > The Walt Disney Co. Limited
001E000000ShhJYIAZ,WCO Hotels Inc,001Mm00000BKShnIAH,001Mm00000BKShnIAH,Walt Disney Parks and Resorts Merchandise,1,Walt Disney Parks and Resorts Merchandise > WCO Hotels Inc
001Mm00000EO2LgIAL,Walt Disney Imagineering,001Mm00000BKShnIAH,001Mm00000BKShnIAH,Walt Disney Parks and Resorts Merchandise,1,Walt Disney Parks and Resorts Merchandise > Walt Disney Imagineering
001E000000NqtVeIAJ,Walt Disney Parks and Resorts,001Mm00000BKShnIAH,001Mm00000BKShnIAH,Walt Disney Parks and Resorts Merchandise,1,Walt Disney Parks and Resorts Merchandise > Walt Disney Parks and Resorts
0018a00001tEVk5AAG,Walt Disney World Swan & Dolphin Resort,001Mm00000BKShnIAH,001Mm00000BKShnIAH,Walt Disney Parks and Resorts Merchandise,1,Walt Disney Parks and Resorts Merchandise > Walt Disney World Swan & Dolphin Resort
001E000000IZ5tlIAD,"Disney Consumer Products, Inc.",001E000000ShhLUIAZ,001Mm00000BKShnIAH,Walt Disney Parks and Resorts Merchandise,2,"Walt Disney Parks and Resorts Merchandise > Disney Enterprises > Disney Consumer Products, Inc."
0010L00001jTTjIQAW,Espn Productions Inc,0010L00001jTSflQAG,001Mm00000BKShnIAH,Walt Disney Parks and Resorts Merchandise,2,"Walt Disney Parks and Resorts Merchandise > Espn, Inc. > Espn Productions Inc"
0010L00001jTS7IQAW,"Fox, Inc.",0010L00001jTRbQQAW,001Mm00000BKShnIAH,Walt Disney Parks and Resorts Merchandise,2,"Walt Disney Parks and Resorts Merchandise > 21st Century Fox America, Inc. > Fox, Inc."
001Mm00000BXd4HIAT,HONK,001Mm00000MKLFOIA5,001Mm00000BKShnIAH,Walt Disney Parks and Resorts Merchandise,2,"Walt Disney Parks and Resorts Merchandise > Fox Entertainment Group, Inc. > HONK"
0018a00001qWYHUAA4,Industrial Light & Magic,001Mm00000MKLFNIA5,001Mm00000BKShnIAH,Walt Disney Parks and Resorts Merchandise,2,Walt Disney Parks and Resorts Merchandise > Lucasfilm Ltd. > Industrial Light & Magic
001E000000ShhMAIAZ,Walt Disney Attractions,001E000000ShhLUIAZ,001Mm00000BKShnIAH,Walt Disney Parks and Resorts Merchandise,2,Walt Disney Parks and Resorts Merchandise > Disney Enterprises > Walt Disney Attractions
001E000000ShhMCIAZ,Walt Disney World Dolphin Hotel,001E000000ShhLUIAZ,001Mm00000BKShnIAH,Walt Disney Parks and Resorts Merchandise,2,Walt Disney Parks and Resorts Merchandise > Disney Enterprises > Walt Disney World Dolphin Hotel
001Mm00000DLVgkIAH,WestJet Airlines Ltd.,,001Mm00000DLVgkIAH,WestJet Airlines Ltd.,0,WestJet Airlines Ltd.
0018a00002Gk0isAAB,Sunwing Vacations Group,001Mm00000DLVgkIAH,001Mm00000DLVgkIAH,WestJet Airlines Ltd.,1,WestJet Airlines Ltd. > Sunwing Vacations Group
001Mm00000KmcvXIAR,Blue Diamond International Co. Ltd.,0018a00002Gk0isAAB,001Mm00000DLVgkIAH,WestJet Airlines Ltd.,2,WestJet Airlines Ltd. > Sunwing Vacations Group > Blue Diamond International Co. Ltd.
0010h00001b3n4fAAA,Woolworths Group - Holding Account,,0010h00001b3n4fAAA,Woolworths Group - Holding Account,0,Woolworths Group - Holding Account
0018a00001tEPuHAAW,Woolworths Australia,0010h00001b3n4fAAA,0010h00001b3n4fAAA,Woolworths Group - Holding Account,1,Woolworths Group - Holding Account > Woolworths Australia
0010L00001nEJJGQA4,Woolworths Group,0010h00001b3n4fAAA,0010h00001b3n4fAAA,Woolworths Group - Holding Account,1,Woolworths Group - Holding Account > Woolworths Group
001E000001GodH7IAJ,Woolworths Holdings Limited,0010h00001b3n4fAAA,0010h00001b3n4fAAA,Woolworths Group - Holding Account,1,Woolworths Group - Holding Account > Woolworths Holdings Limited
0010L00001kYAlSQAW,Woolworths South Africa,0010h00001b3n4fAAA,0010h00001b3n4fAAA,Woolworths Group - Holding Account,1,Woolworths Group - Holding Account > Woolworths South Africa
001Mm00000Ej2dVIAR,Wyndham Hotels & Resorts,,001Mm00000Ej2dVIAR,Wyndham Hotels & Resorts,0,Wyndham Hotels & Resorts
001Mm00000Ej3wCIAR,AmericInn by Wyndham,001Mm00000Ej2dVIAR,001Mm00000Ej2dVIAR,Wyndham Hotels & Resorts,1,Wyndham Hotels & Resorts > AmericInn by Wyndham
0018a00001tETfOAAW,Baymont Inn & Suites,001Mm00000Ej2dVIAR,001Mm00000Ej2dVIAR,Wyndham Hotels & Resorts,1,Wyndham Hotels & Resorts > Baymont Inn & Suites
0018a00001tEVaPAAW,Days Inn,001Mm00000Ej2dVIAR,001Mm00000Ej2dVIAR,Wyndham Hotels & Resorts,1,Wyndham Hotels & Resorts > Days Inn
0018a00002Gk0iGAAR,"Days Inns Worldwide, Inc.",001Mm00000Ej2dVIAR,001Mm00000Ej2dVIAR,Wyndham Hotels & Resorts,1,"Wyndham Hotels & Resorts > Days Inns Worldwide, Inc."
0010L00001jTWpiQAG,Dolce Hotels & Resorts,001Mm00000Ej2dVIAR,001Mm00000Ej2dVIAR,Wyndham Hotels & Resorts,1,Wyndham Hotels & Resorts > Dolce Hotels & Resorts
0018a00001tEV2mAAG,Grandover Resort,001Mm00000Ej2dVIAR,001Mm00000Ej2dVIAR,Wyndham Hotels & Resorts,1,Wyndham Hotels & Resorts > Grandover Resort
001Mm00000EizxUIAR,Hawthorn Extended Stay by Wyndham,001Mm00000Ej2dVIAR,001Mm00000Ej2dVIAR,Wyndham Hotels & Resorts,1,Wyndham Hotels & Resorts > Hawthorn Extended Stay by Wyndham
0018a00001tEU0zAAG,Howard Johnson by Wyndham,001Mm00000Ej2dVIAR,001Mm00000Ej2dVIAR,Wyndham Hotels & Resorts,1,Wyndham Hotels & Resorts > Howard Johnson by Wyndham
001Mm00000BXbleIAD,La Quinta Worldwide,001Mm00000Ej2dVIAR,001Mm00000Ej2dVIAR,Wyndham Hotels & Resorts,1,Wyndham Hotels & Resorts > La Quinta Worldwide
001E000000ShhGyIAJ,La Quinta by Wyndham,001Mm00000Ej2dVIAR,001Mm00000Ej2dVIAR,Wyndham Hotels & Resorts,1,Wyndham Hotels & Resorts > La Quinta by Wyndham
0018a00001tEVtDAAW,Microtel by Wyndham,001Mm00000Ej2dVIAR,001Mm00000Ej2dVIAR,Wyndham Hotels & Resorts,1,Wyndham Hotels & Resorts > Microtel by Wyndham
001Mm00000Ej0wkIAB,Ramada by Wyndham,001Mm00000Ej2dVIAR,001Mm00000Ej2dVIAR,Wyndham Hotels & Resorts,1,Wyndham Hotels & Resorts > Ramada by Wyndham
001Mm00000EixajIAB,Registry Collection Hotels,001Mm00000Ej2dVIAR,001Mm00000Ej2dVIAR,Wyndham Hotels & Resorts,1,Wyndham Hotels & Resorts > Registry Collection Hotels
001E000000ShhM7IAJ,"Super 8 Motels, Inc.",001Mm00000Ej2dVIAR,001Mm00000Ej2dVIAR,Wyndham Hotels & Resorts,1,"Wyndham Hotels & Resorts > Super 8 Motels, Inc."
0018a00002Gk0iJAAR,"Super 8 Worldwide, Inc.",001Mm00000Ej2dVIAR,001Mm00000Ej2dVIAR,Wyndham Hotels & Resorts,1,"Wyndham Hotels & Resorts > Super 8 Worldwide, Inc."
0018a00002FIqVYAA1,Travelodge Hotels Limited,001Mm00000Ej2dVIAR,001Mm00000Ej2dVIAR,Wyndham Hotels & Resorts,1,Wyndham Hotels & Resorts > Travelodge Hotels Limited
001Mm00000EiSeuIAF,Tryp by Wyndham,001Mm00000Ej2dVIAR,001Mm00000Ej2dVIAR,Wyndham Hotels & Resorts,1,Wyndham Hotels & Resorts > Tryp by Wyndham
0010h00001cxuOSAAY,Vienna House by Wyndham,001Mm00000Ej2dVIAR,001Mm00000Ej2dVIAR,Wyndham Hotels & Resorts,1,Wyndham Hotels & Resorts > Vienna House by Wyndham
0018a00002Gk0j7AAB,Wingate by Wyndham,001Mm00000Ej2dVIAR,001Mm00000Ej2dVIAR,Wyndham Hotels & Resorts,1,Wyndham Hotels & Resorts > Wingate by Wyndham
001Mm00000EixfWIAR,Wyndham Garden,001Mm00000Ej2dVIAR,001Mm00000Ej2dVIAR,Wyndham Hotels & Resorts,1,Wyndham Hotels & Resorts > Wyndham Garden
0018a00002Gk0jNAAR,Wyndham Resort Development Corporation,001Mm00000Ej2dVIAR,001Mm00000Ej2dVIAR,Wyndham Hotels & Resorts,1,Wyndham Hotels & Resorts > Wyndham Resort Development Corporation
0018a00002Gk0iDAAR,"Wyndham Vacation Resorts, Inc.",001Mm00000Ej2dVIAR,001Mm00000Ej2dVIAR,Wyndham Hotels & Resorts,1,"Wyndham Hotels & Resorts > Wyndham Vacation Resorts, Inc."
0018a00001tEVDVAA4,Yakama Legends Casino,,0018a00001tEVDVAA4,Yakama Legends Casino,0,Yakama Legends Casino
0018a00001oeujNAAQ,hubert company,,0018a00001oeujNAAQ,hubert company,0,hubert company
